com.samsung.shealth.cycle.daily_temperature,6293007,4
custom,discard_type,temperature_delta,update_time,create_time,temperature,extract_algo,deviceuuid,pkg_name,datauuid,day_time,excluded
5e193db5-1188-4097-ab20-1c40e17237f2.custom.json,,-0.03,2025-03-09 12:28:23.142,2024-08-15 00:50:00.912,36.37,100,J+ZRiIffUm,com.sec.android.app.shealth,5e193db5-1188-4097-ab20-1c40e17237f2,2024-08-09 00:00:00.000,,
8dbcfe99-892f-438e-be95-bda23a37f035.custom.json,,-0.16,2025-03-09 12:28:23.169,2024-08-15 00:50:00.933,36.24,100,J+ZRiIffUm,com.sec.android.app.shealth,8dbcfe99-892f-438e-be95-bda23a37f035,2024-08-10 00:00:00.000,,
83a78b39-688e-4bf8-8a26-9621ed586bbd.custom.json,,-0.26,2025-03-09 12:28:23.188,2024-08-15 00:50:00.936,36.13,100,J+ZRiIffUm,com.sec.android.app.shealth,83a78b39-688e-4bf8-8a26-9621ed586bbd,2024-08-11 00:00:00.000,,
08621494-cb2b-4c8a-9e9f-ab93f77dc886.custom.json,,-0.32,2025-03-09 12:28:23.207,2024-08-15 00:50:00.938,36.06,100,J+ZRiIffUm,com.sec.android.app.shealth,08621494-cb2b-4c8a-9e9f-ab93f77dc886,2024-08-12 00:00:00.000,,
af1c8c41-00c7-49ff-ada3-8f785a7d8594.custom.json,,-0.13,2025-03-09 12:28:23.229,2024-08-15 00:50:00.938,36.24,100,J+ZRiIffUm,com.sec.android.app.shealth,af1c8c41-00c7-49ff-ada3-8f785a7d8594,2024-08-13 00:00:00.000,,
b21dd7f9-e381-43f6-968a-2987949932f3.custom.json,,0.01,2025-03-09 12:28:23.256,2024-08-15 00:50:00.940,36.37,100,J+ZRiIffUm,com.sec.android.app.shealth,b21dd7f9-e381-43f6-968a-2987949932f3,2024-08-14 00:00:00.000,,
b632bcfc-1674-4fdc-b2a3-456865e9f4bc.custom.json,,0.13,2025-03-09 12:28:23.275,2024-08-16 02:29:49.153,36.49,100,J+ZRiIffUm,com.sec.android.app.shealth,b632bcfc-1674-4fdc-b2a3-456865e9f4bc,2024-08-15 00:00:00.000,,
801c91d9-f3e9-4769-8e27-1b0413847cb6.custom.json,,0.0,2025-03-09 12:28:22.704,2024-08-18 15:08:41.477,36.32,100,J+ZRiIffUm,com.sec.android.app.shealth,801c91d9-f3e9-4769-8e27-1b0413847cb6,2024-07-21 00:00:00.000,,
123f125b-d5e0-4e2e-9453-a6a5dfa8c121.custom.json,,0.05,2025-03-09 12:28:22.725,2024-08-18 15:08:41.489,36.37,100,J+ZRiIffUm,com.sec.android.app.shealth,123f125b-d5e0-4e2e-9453-a6a5dfa8c121,2024-07-22 00:00:00.000,,
90fdf9c2-7f0d-4d2b-a9dc-a8315cc83baa.custom.json,,-0.01,2025-03-09 12:28:22.746,2024-08-18 15:08:41.491,36.34,100,J+ZRiIffUm,com.sec.android.app.shealth,90fdf9c2-7f0d-4d2b-a9dc-a8315cc83baa,2024-07-23 00:00:00.000,,
80063b48-74c5-44f0-bdf7-5bba517db496.custom.json,,0.16,2025-03-09 12:28:22.777,2024-08-18 15:08:41.492,36.5,100,J+ZRiIffUm,com.sec.android.app.shealth,80063b48-74c5-44f0-bdf7-5bba517db496,2024-07-24 00:00:00.000,,
b56be0d3-2eba-4e37-8c00-f43bb82a7b49.custom.json,,0.35,2025-03-09 12:28:22.807,2024-08-18 15:08:41.493,36.73,100,J+ZRiIffUm,com.sec.android.app.shealth,b56be0d3-2eba-4e37-8c00-f43bb82a7b49,2024-07-25 00:00:00.000,,
f16f21f6-d1ad-43ee-bfec-ab897a7e0ee5.custom.json,,0.42,2025-03-09 12:28:22.818,2024-08-18 15:08:41.497,36.87,100,J+ZRiIffUm,com.sec.android.app.shealth,f16f21f6-d1ad-43ee-bfec-ab897a7e0ee5,2024-07-26 00:00:00.000,,
dfff25c3-9dca-4caa-ab48-1eb1d6f1e73c.custom.json,,0.32,2025-03-09 12:28:22.858,2024-08-18 15:08:41.498,36.84,100,J+ZRiIffUm,com.sec.android.app.shealth,dfff25c3-9dca-4caa-ab48-1eb1d6f1e73c,2024-07-27 00:00:00.000,,
9e2b464d-c16e-4be6-ad60-e51e0a6af85b.custom.json,[2],0.0,2024-08-18 15:08:41.498,2024-08-18 15:08:41.498,-1.0,,J+ZRiIffUm,com.sec.android.app.shealth,9e2b464d-c16e-4be6-ad60-e51e0a6af85b,2024-07-28 00:00:00.000,,
309cae4f-174d-4d90-a610-cd6a450705a0.custom.json,,0.23,2025-03-09 12:28:22.892,2024-08-18 15:08:41.500,36.8,100,J+ZRiIffUm,com.sec.android.app.shealth,309cae4f-174d-4d90-a610-cd6a450705a0,2024-07-29 00:00:00.000,,
3516d8a0-852e-45b3-b61c-664201e7e22a.custom.json,,0.31,2025-03-09 12:28:22.918,2024-08-18 15:08:41.501,36.91,100,J+ZRiIffUm,com.sec.android.app.shealth,3516d8a0-852e-45b3-b61c-664201e7e22a,2024-07-30 00:00:00.000,,
b137adbd-2c72-4892-90ed-ad961aca8d24.custom.json,,0.16,2025-03-09 12:28:22.941,2024-08-18 15:08:41.501,36.79,100,J+ZRiIffUm,com.sec.android.app.shealth,b137adbd-2c72-4892-90ed-ad961aca8d24,2024-07-31 00:00:00.000,,
c7c38549-b4df-4f13-87c9-e9d94fa00032.custom.json,[1],0.0,2024-08-18 15:08:41.501,2024-08-18 15:08:41.501,-1.0,,J+ZRiIffUm,com.sec.android.app.shealth,c7c38549-b4df-4f13-87c9-e9d94fa00032,2024-08-01 00:00:00.000,,
7cba9d7d-0614-4149-a865-463cc66687fd.custom.json,,-0.44,2025-03-09 12:28:22.964,2024-08-18 15:08:41.502,36.21,100,J+ZRiIffUm,com.sec.android.app.shealth,7cba9d7d-0614-4149-a865-463cc66687fd,2024-08-02 00:00:00.000,,
0ad64c14-ca48-41ee-b8fe-05b4f64f26aa.custom.json,,-0.56,2025-03-09 12:28:22.990,2024-08-18 15:08:41.503,36.05,100,J+ZRiIffUm,com.sec.android.app.shealth,0ad64c14-ca48-41ee-b8fe-05b4f64f26aa,2024-08-03 00:00:00.000,,
35ba2e78-219c-4390-8dac-e0ffb54fd9aa.custom.json,,-0.66,2025-03-09 12:28:23.024,2024-08-18 15:08:41.504,35.9,100,J+ZRiIffUm,com.sec.android.app.shealth,35ba2e78-219c-4390-8dac-e0ffb54fd9aa,2024-08-04 00:00:00.000,,
fe63e99e-789a-423c-91ad-85d58e7862c1.custom.json,,-0.65,2025-03-09 12:28:23.062,2024-08-18 15:08:41.505,35.86,100,J+ZRiIffUm,com.sec.android.app.shealth,fe63e99e-789a-423c-91ad-85d58e7862c1,2024-08-05 00:00:00.000,,
ad789950-142b-4a62-8de7-6485efb92f1a.custom.json,,-0.58,2025-03-09 12:28:23.072,2024-08-18 15:08:41.506,35.88,100,J+ZRiIffUm,com.sec.android.app.shealth,ad789950-142b-4a62-8de7-6485efb92f1a,2024-08-06 00:00:00.000,,
48f18580-ead6-457d-937e-f4f47bcd8994.custom.json,,-0.24,2025-03-09 12:28:23.099,2024-08-18 15:08:41.507,36.18,100,J+ZRiIffUm,com.sec.android.app.shealth,48f18580-ead6-457d-937e-f4f47bcd8994,2024-08-07 00:00:00.000,,
f5cdddeb-f070-45fa-bc9f-3de513df0d33.custom.json,,-0.08,2025-03-09 12:28:23.117,2024-08-18 15:08:41.509,36.33,100,J+ZRiIffUm,com.sec.android.app.shealth,f5cdddeb-f070-45fa-bc9f-3de513df0d33,2024-08-08 00:00:00.000,,
6a308792-d4f6-473c-834a-c3267065203c.custom.json,,-0.07,2025-03-09 12:28:23.302,2024-08-18 15:08:41.509,36.3,100,J+ZRiIffUm,com.sec.android.app.shealth,6a308792-d4f6-473c-834a-c3267065203c,2024-08-16 00:00:00.000,,
c33932e8-837f-4e82-80fc-ac4a83a62b5c.custom.json,,-0.2,2025-03-09 12:28:23.329,2024-08-18 15:08:41.512,36.16,100,J+ZRiIffUm,com.sec.android.app.shealth,c33932e8-837f-4e82-80fc-ac4a83a62b5c,2024-08-17 00:00:00.000,,
36f78459-f905-4c1e-b78b-ef9983e57f19.custom.json,,-0.18,2025-03-09 12:28:23.353,2024-08-18 15:08:41.513,36.18,100,J+ZRiIffUm,com.sec.android.app.shealth,36f78459-f905-4c1e-b78b-ef9983e57f19,2024-08-18 00:00:00.000,,
4397a026-d85c-4e73-be32-40cf6720ab3b.custom.json,,-0.01,2025-03-09 12:28:23.384,2024-08-19 11:37:35.382,36.34,100,J+ZRiIffUm,com.sec.android.app.shealth,4397a026-d85c-4e73-be32-40cf6720ab3b,2024-08-19 00:00:00.000,,
a9065178-0ebc-4976-b3b8-b8a01c1f60b3.custom.json,,0.06,2025-03-09 12:28:23.427,2024-08-20 12:24:53.213,36.41,100,J+ZRiIffUm,com.sec.android.app.shealth,a9065178-0ebc-4976-b3b8-b8a01c1f60b3,2024-08-20 00:00:00.000,,
231c2ff7-ee9f-4cf1-915a-648c8ba49db2.custom.json,,-0.26,2025-03-09 12:28:23.450,2024-08-21 17:22:39.197,36.09,100,J+ZRiIffUm,com.sec.android.app.shealth,231c2ff7-ee9f-4cf1-915a-648c8ba49db2,2024-08-21 00:00:00.000,,
7f77e79c-ae9f-4a86-bd02-580f2dcfb59a.custom.json,,-0.12,2025-03-09 12:28:23.490,2024-08-22 21:33:34.779,36.22,100,J+ZRiIffUm,com.sec.android.app.shealth,7f77e79c-ae9f-4a86-bd02-580f2dcfb59a,2024-08-23 00:00:00.000,,
bd81ab54-4fa8-4694-87ed-7d1de4c62581.custom.json,,0.2,2025-03-09 12:28:23.520,2024-08-23 22:05:43.848,36.54,100,J+ZRiIffUm,com.sec.android.app.shealth,bd81ab54-4fa8-4694-87ed-7d1de4c62581,2024-08-24 00:00:00.000,,
d3fbea21-cfa3-4e3b-a173-db1215e0e70d.custom.json,,0.19,2025-03-09 12:28:23.545,2024-08-25 00:47:34.476,36.53,100,J+ZRiIffUm,com.sec.android.app.shealth,d3fbea21-cfa3-4e3b-a173-db1215e0e70d,2024-08-25 00:00:00.000,,
a36797c3-ebf5-406e-b2bb-0269e8cf081d.custom.json,,-0.04,2025-03-09 12:28:23.572,2024-08-25 22:13:08.980,36.31,100,J+ZRiIffUm,com.sec.android.app.shealth,a36797c3-ebf5-406e-b2bb-0269e8cf081d,2024-08-26 00:00:00.000,,
74c79e8f-b32b-4209-8974-f14a27a00764.custom.json,,0.04,2025-03-09 12:28:23.603,2024-08-27 00:28:46.976,36.39,100,J+ZRiIffUm,com.sec.android.app.shealth,74c79e8f-b32b-4209-8974-f14a27a00764,2024-08-27 00:00:00.000,,
d73b5681-fa77-4f53-a326-a1de14e8c327.custom.json,,0.05,2025-03-09 12:28:23.630,2024-08-27 22:51:23.628,36.4,100,J+ZRiIffUm,com.sec.android.app.shealth,d73b5681-fa77-4f53-a326-a1de14e8c327,2024-08-28 00:00:00.000,,
41c5506e-cb52-4a1d-b252-f1162f6e7f2f.custom.json,,0.12,2025-03-09 12:28:23.654,2024-08-28 23:44:41.386,36.47,100,J+ZRiIffUm,com.sec.android.app.shealth,41c5506e-cb52-4a1d-b252-f1162f6e7f2f,2024-08-29 00:00:00.000,,
7daae100-6ff2-40b8-85e1-2daa017e8d1f.custom.json,,0.12,2025-03-09 12:28:23.682,2024-08-29 23:36:16.433,36.47,100,J+ZRiIffUm,com.sec.android.app.shealth,7daae100-6ff2-40b8-85e1-2daa017e8d1f,2024-08-30 00:00:00.000,,
714dc8e2-1450-44ec-b738-feeab3d6d179.custom.json,,-0.07,2024-08-30 22:40:20.799,2024-08-30 22:40:20.799,36.29,100,J+ZRiIffUm,com.sec.android.app.shealth,714dc8e2-1450-44ec-b738-feeab3d6d179,2024-08-31 00:00:00.000,,
cd2c0188-c948-4a22-af2b-091c07582eb0.custom.json,,-0.07,2025-03-09 12:28:23.715,2024-08-30 22:40:20.815,36.29,100,J+ZRiIffUm,com.sec.android.app.shealth,cd2c0188-c948-4a22-af2b-091c07582eb0,2024-08-31 00:00:00.000,,
2683fec7-8120-4617-aec2-cde25026c7d6.custom.json,,-0.18,2025-03-09 12:28:23.744,2024-09-01 00:23:34.089,36.18,100,J+ZRiIffUm,com.sec.android.app.shealth,2683fec7-8120-4617-aec2-cde25026c7d6,2024-09-01 00:00:00.000,,
ba9aec2a-7820-46d5-b26f-d48d03d2e2a1.custom.json,,-0.2,2025-03-09 12:28:23.772,2024-09-02 03:39:18.072,36.15,100,J+ZRiIffUm,com.sec.android.app.shealth,ba9aec2a-7820-46d5-b26f-d48d03d2e2a1,2024-09-02 00:00:00.000,,
a970cf20-9763-4909-ad0a-8881d02dd95d.custom.json,,-0.17,2025-03-09 12:28:23.800,2024-09-03 01:52:10.657,36.18,100,J+ZRiIffUm,com.sec.android.app.shealth,a970cf20-9763-4909-ad0a-8881d02dd95d,2024-09-03 00:00:00.000,,
b3e4305c-f76e-4dd9-acd9-b9ed5bba77a6.custom.json,[2],0.0,2024-09-04 00:44:59.287,2024-09-04 00:44:59.287,-1.0,,J+ZRiIffUm,com.sec.android.app.shealth,b3e4305c-f76e-4dd9-acd9-b9ed5bba77a6,2024-09-04 00:00:00.000,,
8744f0c8-2f83-49bd-9aaf-766ab794e245.custom.json,,-0.45,2025-03-09 12:28:23.857,2024-09-05 04:47:13.885,35.89,100,J+ZRiIffUm,com.sec.android.app.shealth,8744f0c8-2f83-49bd-9aaf-766ab794e245,2024-09-05 00:00:00.000,,
15639677-e577-4416-9e21-01e6b911c1a0.custom.json,,-0.44,2025-03-09 12:28:23.878,2024-09-06 06:10:30.485,35.89,100,J+ZRiIffUm,com.sec.android.app.shealth,15639677-e577-4416-9e21-01e6b911c1a0,2024-09-06 00:00:00.000,,
0ee421dc-532d-4a6e-acdf-155e738491c1.custom.json,,-0.45,2025-03-09 12:28:23.903,2024-09-07 04:43:58.917,35.87,100,J+ZRiIffUm,com.sec.android.app.shealth,0ee421dc-532d-4a6e-acdf-155e738491c1,2024-09-07 00:00:00.000,,
e48ccfa3-6e1c-4a62-b2cb-2df88112bdcb.custom.json,,-0.07,2025-03-09 12:28:23.925,2024-09-08 06:26:13.103,36.24,100,J+ZRiIffUm,com.sec.android.app.shealth,e48ccfa3-6e1c-4a62-b2cb-2df88112bdcb,2024-09-08 00:00:00.000,,
94210d8c-2707-4d4e-8753-b5db68d186e3.custom.json,,-0.15,2025-03-09 12:28:23.964,2024-09-09 05:16:42.619,36.16,100,J+ZRiIffUm,com.sec.android.app.shealth,94210d8c-2707-4d4e-8753-b5db68d186e3,2024-09-09 00:00:00.000,,
825aaf0a-bd6e-4582-bf8e-2bd98dad47e9.custom.json,,0.03,2025-03-09 12:28:23.985,2024-09-10 07:04:26.986,36.34,100,J+ZRiIffUm,com.sec.android.app.shealth,825aaf0a-bd6e-4582-bf8e-2bd98dad47e9,2024-09-10 00:00:00.000,,
238fe503-685a-4bae-8b56-8ea89cf800ce.custom.json,,-0.15,2025-03-09 12:28:24.009,2024-09-11 06:10:57.917,36.16,100,J+ZRiIffUm,com.sec.android.app.shealth,238fe503-685a-4bae-8b56-8ea89cf800ce,2024-09-11 00:00:00.000,,
65fdf3d5-bc41-46ca-aec8-96be68dc48b3.custom.json,,-0.17,2025-03-09 12:28:24.044,2024-09-12 06:14:13.029,36.13,100,J+ZRiIffUm,com.sec.android.app.shealth,65fdf3d5-bc41-46ca-aec8-96be68dc48b3,2024-09-12 00:00:00.000,,
f232d78b-da42-4fa7-8df9-99583f2544b2.custom.json,,-0.41,2025-03-09 12:28:24.066,2024-09-13 06:30:36.955,35.89,100,J+ZRiIffUm,com.sec.android.app.shealth,f232d78b-da42-4fa7-8df9-99583f2544b2,2024-09-13 00:00:00.000,,
4449817d-39fa-4aaf-a447-dba1ba019503.custom.json,,-0.47,2025-03-09 12:28:24.096,2024-09-14 05:48:41.628,35.82,100,J+ZRiIffUm,com.sec.android.app.shealth,4449817d-39fa-4aaf-a447-dba1ba019503,2024-09-14 00:00:00.000,,
0cd83e49-7804-497f-9733-be4ef937ac3e.custom.json,,-0.46,2025-03-09 12:28:24.123,2024-09-15 08:14:17.876,35.82,100,J+ZRiIffUm,com.sec.android.app.shealth,0cd83e49-7804-497f-9733-be4ef937ac3e,2024-09-15 00:00:00.000,,
1bb0d116-798d-4ee2-adc5-08db2d534038.custom.json,,-0.16,2025-03-09 12:28:24.150,2024-09-16 08:38:56.586,36.12,100,J+ZRiIffUm,com.sec.android.app.shealth,1bb0d116-798d-4ee2-adc5-08db2d534038,2024-09-16 00:00:00.000,,
4d19de1f-e136-437c-b3fe-81f454cb3aff.custom.json,,-0.06,2025-03-09 12:28:24.186,2024-09-17 05:57:05.052,36.21,100,J+ZRiIffUm,com.sec.android.app.shealth,4d19de1f-e136-437c-b3fe-81f454cb3aff,2024-09-17 00:00:00.000,,
de208837-43b9-4286-8d9e-a30a0e2d089a.custom.json,,0.07,2025-03-09 12:28:24.210,2024-09-18 05:51:32.161,36.34,100,J+ZRiIffUm,com.sec.android.app.shealth,de208837-43b9-4286-8d9e-a30a0e2d089a,2024-09-18 00:00:00.000,,
8522c4ed-8625-4854-ae39-f242314fb750.custom.json,,-0.03,2025-03-09 12:28:24.237,2024-09-19 05:53:04.884,36.24,100,J+ZRiIffUm,com.sec.android.app.shealth,8522c4ed-8625-4854-ae39-f242314fb750,2024-09-19 00:00:00.000,,
324576b9-07d0-4df0-a669-4006e65ddc3f.custom.json,,0.05,2025-03-09 12:28:24.271,2024-09-20 13:29:17.504,36.32,100,J+ZRiIffUm,com.sec.android.app.shealth,324576b9-07d0-4df0-a669-4006e65ddc3f,2024-09-20 00:00:00.000,,
e4e95d93-b144-4ed3-8f6c-19518855f83a.custom.json,,0.27,2025-03-09 12:28:24.297,2024-09-21 06:52:06.736,36.54,100,J+ZRiIffUm,com.sec.android.app.shealth,e4e95d93-b144-4ed3-8f6c-19518855f83a,2024-09-21 00:00:00.000,,
c69b31a7-9778-4420-a1ae-8fd62881b4bd.custom.json,,0.38,2025-03-09 12:28:24.324,2024-09-22 11:02:40.421,36.66,100,J+ZRiIffUm,com.sec.android.app.shealth,c69b31a7-9778-4420-a1ae-8fd62881b4bd,2024-09-22 00:00:00.000,,
31838218-1510-484c-ac68-36a49826909e.custom.json,,0.44,2025-03-09 12:28:24.347,2024-09-23 05:59:20.115,36.72,100,J+ZRiIffUm,com.sec.android.app.shealth,31838218-1510-484c-ac68-36a49826909e,2024-09-23 00:00:00.000,,
de083679-7235-4f4d-9d59-acdb30ea9d7a.custom.json,,0.52,2024-09-24 04:49:12.456,2024-09-24 04:49:10.542,36.81,100,J+ZRiIffUm,com.sec.android.app.shealth,de083679-7235-4f4d-9d59-acdb30ea9d7a,2024-09-24 00:00:00.000,,
8d93caab-606f-414f-aeeb-e29fe5bafa68.custom.json,,0.52,2025-03-09 12:28:24.365,2024-09-24 04:49:11.011,36.81,100,J+ZRiIffUm,com.sec.android.app.shealth,8d93caab-606f-414f-aeeb-e29fe5bafa68,2024-09-24 00:00:00.000,,
b7651c4b-90d6-457c-be67-94fadd87d1d5.custom.json,,0.47,2025-03-09 12:28:24.384,2024-09-25 05:24:42.119,36.77,100,J+ZRiIffUm,com.sec.android.app.shealth,b7651c4b-90d6-457c-be67-94fadd87d1d5,2024-09-25 00:00:00.000,,
a3b851bc-d905-480d-aec3-724b0569cf8d.custom.json,[2],0.0,2024-09-26 00:25:07.284,2024-09-26 00:25:07.284,-1.0,,J+ZRiIffUm,com.sec.android.app.shealth,a3b851bc-d905-480d-aec3-724b0569cf8d,2024-09-26 00:00:00.000,,
3ae0de86-0ff1-4ebe-9e8c-1594f6200127.custom.json,,-0.03,2025-03-09 12:28:24.419,2024-09-27 14:05:14.822,36.28,100,J+ZRiIffUm,com.sec.android.app.shealth,3ae0de86-0ff1-4ebe-9e8c-1594f6200127,2024-09-27 00:00:00.000,,
cd263c27-de78-40cd-8412-d6d51c27405f.custom.json,,0.01,2025-03-09 12:28:24.446,2024-09-29 19:43:13.639,36.32,100,J+ZRiIffUm,com.sec.android.app.shealth,cd263c27-de78-40cd-8412-d6d51c27405f,2024-09-28 00:00:00.000,,
bcf02243-d0de-4722-9a51-4312d9b98aca.custom.json,,0.1,2025-03-09 12:28:24.468,2024-09-29 19:43:13.651,36.41,100,J+ZRiIffUm,com.sec.android.app.shealth,bcf02243-d0de-4722-9a51-4312d9b98aca,2024-09-29 00:00:00.000,,
95de9924-2de4-436b-a623-37c3fac8b365.custom.json,,0.12,2025-03-09 12:28:24.505,2024-09-30 15:10:20.938,36.43,100,J+ZRiIffUm,com.sec.android.app.shealth,95de9924-2de4-436b-a623-37c3fac8b365,2024-09-30 00:00:00.000,,
1ad1519d-c2e3-4211-a70a-efe65c878f99.custom.json,,0.06,2025-03-09 12:28:24.526,2024-10-01 21:58:27.552,36.37,100,J+ZRiIffUm,com.sec.android.app.shealth,1ad1519d-c2e3-4211-a70a-efe65c878f99,2024-10-01 00:00:00.000,,
709f656c-834f-4d37-9a0e-da67d975b111.custom.json,,-0.08,2025-03-09 12:28:24.554,2024-10-02 13:42:14.047,36.23,100,J+ZRiIffUm,com.sec.android.app.shealth,709f656c-834f-4d37-9a0e-da67d975b111,2024-10-02 00:00:00.000,,
c8b1540b-3946-442a-8bb2-d3ae1b53a8de.custom.json,,-0.07,2025-03-09 12:28:24.605,2024-10-03 22:16:44.769,36.24,100,J+ZRiIffUm,com.sec.android.app.shealth,c8b1540b-3946-442a-8bb2-d3ae1b53a8de,2024-10-03 00:00:00.000,,
856090b1-fb3b-4f9d-bba4-fbe12f0eacf8.custom.json,,-0.28,2025-03-09 12:28:24.645,2024-10-04 14:23:42.789,36.03,100,J+ZRiIffUm,com.sec.android.app.shealth,856090b1-fb3b-4f9d-bba4-fbe12f0eacf8,2024-10-04 00:00:00.000,,
a3680ee5-1415-4173-92f8-e1d48d1c5df0.custom.json,,-0.47,2025-03-09 12:28:24.667,2024-10-05 14:35:07.178,35.83,100,J+ZRiIffUm,com.sec.android.app.shealth,a3680ee5-1415-4173-92f8-e1d48d1c5df0,2024-10-05 00:00:00.000,,
38388fe8-58c6-457c-bad6-90eb7de17785.custom.json,,-0.48,2025-03-09 12:28:24.689,2024-10-06 13:37:02.272,35.82,100,J+ZRiIffUm,com.sec.android.app.shealth,38388fe8-58c6-457c-bad6-90eb7de17785,2024-10-06 00:00:00.000,,
be08e122-abfa-4596-9a47-76cd68a5aee3.custom.json,,-0.34,2025-03-09 12:28:24.721,2024-10-07 14:36:16.717,35.95,100,J+ZRiIffUm,com.sec.android.app.shealth,be08e122-abfa-4596-9a47-76cd68a5aee3,2024-10-07 00:00:00.000,,
f13492fc-e673-4f49-8d02-f677ff2d87e5.custom.json,,-0.09,2025-03-09 12:28:24.745,2024-10-08 18:49:42.946,36.2,100,J+ZRiIffUm,com.sec.android.app.shealth,f13492fc-e673-4f49-8d02-f677ff2d87e5,2024-10-08 00:00:00.000,,
45ca5155-bfd8-4b7f-a4c6-3e3c2f8e6784.custom.json,,-0.15,2025-03-09 12:28:24.797,2024-10-09 17:55:19.719,36.14,100,J+ZRiIffUm,com.sec.android.app.shealth,45ca5155-bfd8-4b7f-a4c6-3e3c2f8e6784,2024-10-09 00:00:00.000,,
f7c0ad46-3c97-42d1-924d-17ac7b8e95cd.custom.json,,-0.21,2024-10-10 18:16:20.933,2024-10-10 18:16:18.657,36.07,100,J+ZRiIffUm,com.sec.android.app.shealth,f7c0ad46-3c97-42d1-924d-17ac7b8e95cd,2024-10-10 00:00:00.000,,
0f75ac44-c191-4a64-8e4e-7a54e3e03e42.custom.json,,-0.21,2025-03-09 12:28:24.826,2024-10-10 18:16:19.979,36.07,100,J+ZRiIffUm,com.sec.android.app.shealth,0f75ac44-c191-4a64-8e4e-7a54e3e03e42,2024-10-10 00:00:00.000,,
7611c156-8075-4efa-93e9-5081e84c6575.custom.json,,-0.29,2025-03-09 12:28:24.856,2024-10-11 16:34:59.627,35.99,100,J+ZRiIffUm,com.sec.android.app.shealth,7611c156-8075-4efa-93e9-5081e84c6575,2024-10-11 00:00:00.000,,
aa6281f0-eb69-4fcb-a4f7-848024c84c65.custom.json,,-0.32,2025-03-09 12:28:24.895,2024-10-12 16:49:11.958,35.96,100,J+ZRiIffUm,com.sec.android.app.shealth,aa6281f0-eb69-4fcb-a4f7-848024c84c65,2024-10-12 00:00:00.000,,
09fef7e8-6fc0-4efa-805b-9a9252bf0bc6.custom.json,,-0.22,2025-03-09 12:28:24.916,2024-10-13 15:05:03.724,36.05,100,J+ZRiIffUm,com.sec.android.app.shealth,09fef7e8-6fc0-4efa-805b-9a9252bf0bc6,2024-10-13 00:00:00.000,,
41fff937-056c-4976-af11-2d1a1405d11f.custom.json,,-0.19,2025-03-09 12:28:24.937,2024-10-14 13:58:53.436,36.08,100,J+ZRiIffUm,com.sec.android.app.shealth,41fff937-056c-4976-af11-2d1a1405d11f,2024-10-14 00:00:00.000,,
a808f149-1a72-479f-a6d2-107cfa274f9e.custom.json,,-0.03,2025-03-09 12:28:24.957,2024-10-15 13:59:12.889,36.24,100,J+ZRiIffUm,com.sec.android.app.shealth,a808f149-1a72-479f-a6d2-107cfa274f9e,2024-10-15 00:00:00.000,,
4b286aa9-958a-428e-8ac1-06b73bcba43c.custom.json,,0.12,2025-03-09 12:28:24.982,2024-10-16 14:03:05.718,36.39,100,J+ZRiIffUm,com.sec.android.app.shealth,4b286aa9-958a-428e-8ac1-06b73bcba43c,2024-10-16 00:00:00.000,,
4da9fc6d-fd00-4bcf-a798-d201df68d4ca.custom.json,,0.16,2025-03-09 12:28:25.012,2024-10-18 14:22:48.502,36.43,100,J+ZRiIffUm,com.sec.android.app.shealth,4da9fc6d-fd00-4bcf-a798-d201df68d4ca,2024-10-17 00:00:00.000,,
fce9b9dc-dd66-4de6-9189-7396f98e8f56.custom.json,,0.25,2025-03-09 12:28:25.034,2024-10-18 14:22:48.515,36.52,100,J+ZRiIffUm,com.sec.android.app.shealth,fce9b9dc-dd66-4de6-9189-7396f98e8f56,2024-10-18 00:00:00.000,,
cd124259-a71a-430e-a468-0de29800b6f3.custom.json,,0.16,2025-03-09 12:28:25.070,2024-10-19 14:49:34.792,36.43,100,J+ZRiIffUm,com.sec.android.app.shealth,cd124259-a71a-430e-a468-0de29800b6f3,2024-10-19 00:00:00.000,,
aeae9d21-6a9c-4164-ab7e-a5be886048ad.custom.json,,0.15,2025-03-09 12:28:25.091,2024-10-20 15:03:24.517,36.43,100,J+ZRiIffUm,com.sec.android.app.shealth,aeae9d21-6a9c-4164-ab7e-a5be886048ad,2024-10-20 00:00:00.000,,
1759085a-f83f-4898-a6d9-c04c39b14b91.custom.json,,0.15,2025-03-09 12:28:25.113,2024-10-21 13:31:07.427,36.43,100,J+ZRiIffUm,com.sec.android.app.shealth,1759085a-f83f-4898-a6d9-c04c39b14b91,2024-10-21 00:00:00.000,,
fc160b62-65ef-4a17-8f4b-2956f32077e5.custom.json,,0.13,2025-03-09 12:28:25.145,2024-10-22 11:55:17.951,36.41,100,J+ZRiIffUm,com.sec.android.app.shealth,fc160b62-65ef-4a17-8f4b-2956f32077e5,2024-10-22 00:00:00.000,,
6d9453bf-eeab-4afd-9cb8-4b31d94ad6b6.custom.json,,0.28,2025-03-09 12:28:25.176,2024-10-23 12:06:43.646,36.56,100,J+ZRiIffUm,com.sec.android.app.shealth,6d9453bf-eeab-4afd-9cb8-4b31d94ad6b6,2024-10-23 00:00:00.000,,
f45630c5-595f-4521-bba1-6dd131908ba6.custom.json,,0.19,2025-03-09 12:28:25.205,2024-10-24 18:09:17.377,36.46,100,J+ZRiIffUm,com.sec.android.app.shealth,f45630c5-595f-4521-bba1-6dd131908ba6,2024-10-24 00:00:00.000,,
6754485c-4d6a-499d-a2b5-63363aab34fe.custom.json,,0.29,2024-10-25 11:52:32.087,2024-10-25 11:52:32.087,36.56,100,J+ZRiIffUm,com.sec.android.app.shealth,6754485c-4d6a-499d-a2b5-63363aab34fe,2024-10-25 00:00:00.000,,
e71258f2-6d46-4243-8b02-fd328c4cf052.custom.json,,0.29,2025-03-09 12:28:25.233,2024-10-25 11:52:32.614,36.56,100,J+ZRiIffUm,com.sec.android.app.shealth,e71258f2-6d46-4243-8b02-fd328c4cf052,2024-10-25 00:00:00.000,,
5b4bb250-8c0d-46a7-a115-371c1de7b7a9.custom.json,,0.04,2025-03-09 12:28:25.261,2024-10-26 13:53:35.880,36.31,100,J+ZRiIffUm,com.sec.android.app.shealth,5b4bb250-8c0d-46a7-a115-371c1de7b7a9,2024-10-26 00:00:00.000,,
a75fec4e-71e7-420c-8282-79a417b8e6a1.custom.json,,0.1,2025-03-09 12:28:25.288,2024-10-27 15:48:32.124,36.37,100,J+ZRiIffUm,com.sec.android.app.shealth,a75fec4e-71e7-420c-8282-79a417b8e6a1,2024-10-27 00:00:00.000,,
c3d31a84-6da9-49a7-ae4d-fe01baca44cc.custom.json,,-0.2,2025-03-09 12:28:25.321,2024-10-28 17:50:01.928,36.06,100,J+ZRiIffUm,com.sec.android.app.shealth,c3d31a84-6da9-49a7-ae4d-fe01baca44cc,2024-10-28 00:00:00.000,,
cdfe33a8-afce-484a-8c50-90714db22f32.custom.json,,-0.07,2025-03-09 12:28:25.352,2024-10-29 11:58:03.549,36.18,100,J+ZRiIffUm,com.sec.android.app.shealth,cdfe33a8-afce-484a-8c50-90714db22f32,2024-10-29 00:00:00.000,,
98b415c3-f56f-4762-b282-5cc32c06d14a.custom.json,,-0.35,2025-03-09 12:28:25.390,2024-10-30 14:55:01.024,35.89,100,J+ZRiIffUm,com.sec.android.app.shealth,98b415c3-f56f-4762-b282-5cc32c06d14a,2024-10-30 00:00:00.000,,
20c582f6-4045-4a2b-92ff-1652a9d85fca.custom.json,,-0.15,2025-03-09 12:28:25.426,2024-10-31 16:15:38.236,36.09,100,J+ZRiIffUm,com.sec.android.app.shealth,20c582f6-4045-4a2b-92ff-1652a9d85fca,2024-10-31 00:00:00.000,,
f907fffa-7879-4c56-af24-d45dbd8fb26a.custom.json,,-0.21,2025-03-09 12:28:25.456,2024-11-01 14:28:25.702,36.03,100,J+ZRiIffUm,com.sec.android.app.shealth,f907fffa-7879-4c56-af24-d45dbd8fb26a,2024-11-01 00:00:00.000,,
58a8ce6a-a581-46d7-b9c2-f5774309480d.custom.json,,-0.13,2025-03-09 12:28:25.482,2024-11-02 13:56:10.142,36.11,100,J+ZRiIffUm,com.sec.android.app.shealth,58a8ce6a-a581-46d7-b9c2-f5774309480d,2024-11-02 00:00:00.000,,
a2448d17-7a05-496c-9d3e-653db5865c85.custom.json,,-0.06,2025-03-09 12:28:25.511,2024-11-03 13:59:04.572,36.18,100,J+ZRiIffUm,com.sec.android.app.shealth,a2448d17-7a05-496c-9d3e-653db5865c85,2024-11-03 00:00:00.000,,
392fb66f-a716-432d-bef4-fe968a17c27f.custom.json,,0.0,2025-03-09 12:28:25.554,2024-11-04 15:29:02.139,36.25,100,J+ZRiIffUm,com.sec.android.app.shealth,392fb66f-a716-432d-bef4-fe968a17c27f,2024-11-04 00:00:00.000,,
64513589-2e0b-4ed9-9d55-f239f6022a06.custom.json,,0.21,2025-03-09 12:28:25.593,2024-11-05 15:13:02.847,36.46,100,J+ZRiIffUm,com.sec.android.app.shealth,64513589-2e0b-4ed9-9d55-f239f6022a06,2024-11-05 00:00:00.000,,
4eb6e750-4c29-4c71-8eff-4dddf1ce22a2.custom.json,,0.2,2025-03-09 12:28:25.616,2024-11-06 15:07:34.930,36.45,100,J+ZRiIffUm,com.sec.android.app.shealth,4eb6e750-4c29-4c71-8eff-4dddf1ce22a2,2024-11-06 00:00:00.000,,
1087746b-88b4-44b8-ae19-2daad9fff8be.custom.json,,0.18,2025-03-09 12:28:25.632,2024-11-07 13:02:20.018,36.43,100,J+ZRiIffUm,com.sec.android.app.shealth,1087746b-88b4-44b8-ae19-2daad9fff8be,2024-11-07 00:00:00.000,,
cfb437d8-795d-421b-ba80-2b723cdfe1aa.custom.json,,0.68,2025-03-09 12:28:25.675,2024-11-08 09:53:25.972,36.93,100,J+ZRiIffUm,com.sec.android.app.shealth,cfb437d8-795d-421b-ba80-2b723cdfe1aa,2024-11-08 00:00:00.000,,
05c5056f-da6d-4427-81f7-8fd1cd1945ef.custom.json,,0.62,2025-03-09 12:28:25.695,2024-11-09 16:29:36.753,36.88,100,J+ZRiIffUm,com.sec.android.app.shealth,05c5056f-da6d-4427-81f7-8fd1cd1945ef,2024-11-09 00:00:00.000,,
1cd4a701-0d58-43c4-b970-22e95b406721.custom.json,,0.51,2025-03-09 12:28:25.775,2024-11-11 02:28:59.547,36.78,100,J+ZRiIffUm,com.sec.android.app.shealth,1cd4a701-0d58-43c4-b970-22e95b406721,2024-11-10 00:00:00.000,,
52c66103-b8bf-4537-a51a-74b91f6cb087.custom.json,,-0.2,2025-03-09 12:28:25.810,2024-11-11 14:44:10.402,36.08,100,J+ZRiIffUm,com.sec.android.app.shealth,52c66103-b8bf-4537-a51a-74b91f6cb087,2024-11-11 00:00:00.000,,
a4cf73fe-e27f-4d8c-a46e-9e6942878567.custom.json,,-0.28,2025-03-09 12:28:25.831,2024-11-12 13:06:27.882,36.0,100,J+ZRiIffUm,com.sec.android.app.shealth,a4cf73fe-e27f-4d8c-a46e-9e6942878567,2024-11-12 00:00:00.000,,
2a2b7048-804a-41e7-95ef-881951096ca5.custom.json,,-0.44,2025-03-09 12:28:25.850,2024-11-13 16:58:13.212,35.83,100,J+ZRiIffUm,com.sec.android.app.shealth,2a2b7048-804a-41e7-95ef-881951096ca5,2024-11-13 00:00:00.000,,
d9be1e4d-8dbf-470a-affa-77dcdebcf936.custom.json,,-0.31,2025-03-09 12:28:25.877,2024-11-14 12:25:21.185,35.96,100,J+ZRiIffUm,com.sec.android.app.shealth,d9be1e4d-8dbf-470a-affa-77dcdebcf936,2024-11-14 00:00:00.000,,
7373984a-a8f2-44d5-9390-a1e378e14ce6.custom.json,,-0.22,2025-03-09 12:28:25.906,2024-11-15 16:17:07.519,36.04,100,J+ZRiIffUm,com.sec.android.app.shealth,7373984a-a8f2-44d5-9390-a1e378e14ce6,2024-11-15 00:00:00.000,,
87731823-8a94-4d56-842d-8fb5f67dbbe5.custom.json,,0.02,2025-03-09 12:28:25.935,2024-11-16 13:39:12.912,36.28,100,J+ZRiIffUm,com.sec.android.app.shealth,87731823-8a94-4d56-842d-8fb5f67dbbe5,2024-11-16 00:00:00.000,,
49c4670e-7e4c-471e-bc5e-fcdc7b448c16.custom.json,,0.15,2025-03-09 12:28:25.963,2024-11-17 15:09:49.293,36.41,100,J+ZRiIffUm,com.sec.android.app.shealth,49c4670e-7e4c-471e-bc5e-fcdc7b448c16,2024-11-17 00:00:00.000,,
e7f93f73-4d7f-458b-9f73-03316ec490cb.custom.json,,0.17,2025-03-09 12:28:25.980,2024-11-18 15:40:18.837,36.43,100,J+ZRiIffUm,com.sec.android.app.shealth,e7f93f73-4d7f-458b-9f73-03316ec490cb,2024-11-18 00:00:00.000,,
06087354-005b-4620-9bc3-f26682f417b9.custom.json,,0.4,2025-03-09 12:28:25.999,2024-11-19 13:53:27.111,36.66,100,J+ZRiIffUm,com.sec.android.app.shealth,06087354-005b-4620-9bc3-f26682f417b9,2024-11-19 00:00:00.000,,
495354b6-5425-40a2-96a8-ad7c98909d81.custom.json,,0.34,2025-03-09 12:28:26.021,2024-11-20 15:24:30.460,36.61,100,J+ZRiIffUm,com.sec.android.app.shealth,495354b6-5425-40a2-96a8-ad7c98909d81,2024-11-20 00:00:00.000,,
ea3c8286-2657-445d-93a5-313e42afab04.custom.json,,0.41,2025-03-09 12:28:26.045,2024-11-21 13:03:52.439,36.68,100,J+ZRiIffUm,com.sec.android.app.shealth,ea3c8286-2657-445d-93a5-313e42afab04,2024-11-21 00:00:00.000,,
75acc466-969e-48d7-afcc-5c68014545e9.custom.json,,0.4,2025-03-09 12:28:26.076,2024-11-22 19:13:08.656,36.68,100,J+ZRiIffUm,com.sec.android.app.shealth,75acc466-969e-48d7-afcc-5c68014545e9,2024-11-22 00:00:00.000,,
e14cd663-4c14-4e49-ac49-356ff265ea48.custom.json,,0.6,2025-03-09 12:28:26.095,2024-11-23 15:50:23.040,36.88,100,J+ZRiIffUm,com.sec.android.app.shealth,e14cd663-4c14-4e49-ac49-356ff265ea48,2024-11-23 00:00:00.000,,
7d14e7b0-bd61-4bfb-af1e-821bb06c95dd.custom.json,,0.74,2025-03-09 12:28:26.118,2024-11-24 18:35:11.216,37.02,100,J+ZRiIffUm,com.sec.android.app.shealth,7d14e7b0-bd61-4bfb-af1e-821bb06c95dd,2024-11-24 00:00:00.000,,
ed7a60b2-e55a-44b2-814b-a763c3bd1cfa.custom.json,,0.59,2025-03-09 12:28:26.140,2024-11-25 15:28:14.063,36.88,100,J+ZRiIffUm,com.sec.android.app.shealth,ed7a60b2-e55a-44b2-814b-a763c3bd1cfa,2024-11-25 00:00:00.000,,
133f9368-183e-4093-8908-c071292ad1b7.custom.json,,0.16,2025-03-09 12:28:26.159,2024-11-26 13:21:33.859,36.46,100,J+ZRiIffUm,com.sec.android.app.shealth,133f9368-183e-4093-8908-c071292ad1b7,2024-11-26 00:00:00.000,,
6ef3ec31-7f01-43fd-9cca-f4a60da8acfb.custom.json,,-0.21,2025-03-09 12:28:26.186,2024-11-27 11:32:18.735,36.09,100,J+ZRiIffUm,com.sec.android.app.shealth,6ef3ec31-7f01-43fd-9cca-f4a60da8acfb,2024-11-27 00:00:00.000,,
c49dae6e-b9c4-4e37-af24-3b00b0f15b5b.custom.json,,-0.13,2025-03-09 12:28:26.210,2024-11-28 16:43:08.732,36.16,100,J+ZRiIffUm,com.sec.android.app.shealth,c49dae6e-b9c4-4e37-af24-3b00b0f15b5b,2024-11-28 00:00:00.000,,
886f586e-03a7-47fd-be17-1e47acfa0249.custom.json,,0.11,2025-03-09 12:28:26.230,2024-11-29 12:40:08.800,36.4,100,J+ZRiIffUm,com.sec.android.app.shealth,886f586e-03a7-47fd-be17-1e47acfa0249,2024-11-29 00:00:00.000,,
bd39f17a-7421-4818-9ee4-d64f31d4d2a7.custom.json,,0.17,2025-03-09 12:28:26.268,2024-11-30 16:30:51.206,36.46,100,J+ZRiIffUm,com.sec.android.app.shealth,bd39f17a-7421-4818-9ee4-d64f31d4d2a7,2024-11-30 00:00:00.000,,
96c9cab8-8efb-473b-9ab2-98cf4149a220.custom.json,,0.0,2025-03-09 12:28:26.283,2024-12-01 14:58:14.954,36.29,100,J+ZRiIffUm,com.sec.android.app.shealth,96c9cab8-8efb-473b-9ab2-98cf4149a220,2024-12-01 00:00:00.000,,
e8f75253-543b-4650-a8a7-95b388e05940.custom.json,,0.02,2025-03-09 12:28:26.308,2024-12-02 13:31:22.397,36.32,100,J+ZRiIffUm,com.sec.android.app.shealth,e8f75253-543b-4650-a8a7-95b388e05940,2024-12-02 00:00:00.000,,
00fa41d4-c649-483f-ad91-c25710741e4f.custom.json,,0.09,2025-03-09 12:28:26.335,2024-12-03 14:06:42.087,36.39,100,J+ZRiIffUm,com.sec.android.app.shealth,00fa41d4-c649-483f-ad91-c25710741e4f,2024-12-03 00:00:00.000,,
ae263066-8a87-4193-810f-bde6267351d6.custom.json,,0.16,2025-03-09 12:28:26.362,2024-12-04 14:39:28.329,36.46,100,J+ZRiIffUm,com.sec.android.app.shealth,ae263066-8a87-4193-810f-bde6267351d6,2024-12-04 00:00:00.000,,
b33bc3ae-0d03-465e-8e82-c922b71930ea.custom.json,[2],0.0,2024-12-05 14:57:27.006,2024-12-05 14:57:27.006,-1.0,,J+ZRiIffUm,com.sec.android.app.shealth,b33bc3ae-0d03-465e-8e82-c922b71930ea,2024-12-05 00:00:00.000,,
a5c0c810-2ce2-428d-aa09-c4cba7ccfc21.custom.json,,-0.32,2025-03-09 12:28:26.389,2024-12-06 13:49:16.543,35.99,100,J+ZRiIffUm,com.sec.android.app.shealth,a5c0c810-2ce2-428d-aa09-c4cba7ccfc21,2024-12-06 00:00:00.000,,
a94cd8e8-eac0-4b3e-9c4c-0b938c89648e.custom.json,,-0.34,2025-03-09 12:28:26.414,2024-12-07 15:03:21.644,35.97,100,J+ZRiIffUm,com.sec.android.app.shealth,a94cd8e8-eac0-4b3e-9c4c-0b938c89648e,2024-12-07 00:00:00.000,,
0252c979-fc6b-4474-87f7-7331134fcabe.custom.json,[2],0.0,2024-12-08 13:29:52.774,2024-12-08 13:29:52.774,-1.0,,J+ZRiIffUm,com.sec.android.app.shealth,0252c979-fc6b-4474-87f7-7331134fcabe,2024-12-08 00:00:00.000,,
53246854-8f2a-4969-aa53-8002f2749c62.custom.json,,-0.08,2025-03-09 12:28:26.445,2024-12-09 14:33:26.225,36.23,100,J+ZRiIffUm,com.sec.android.app.shealth,53246854-8f2a-4969-aa53-8002f2749c62,2024-12-09 00:00:00.000,,
52a87553-e539-4359-b804-2eee11d84c21.custom.json,,-0.22,2025-03-09 12:28:26.476,2024-12-10 13:02:09.776,36.09,100,J+ZRiIffUm,com.sec.android.app.shealth,52a87553-e539-4359-b804-2eee11d84c21,2024-12-10 00:00:00.000,,
5ae961af-8480-434e-917f-6dd43d619714.custom.json,,-0.27,2025-03-09 12:28:26.503,2024-12-11 15:21:50.144,36.04,100,J+ZRiIffUm,com.sec.android.app.shealth,5ae961af-8480-434e-917f-6dd43d619714,2024-12-11 00:00:00.000,,
654c5eb0-0825-461f-abce-2dc6d936afd6.custom.json,,-0.4,2025-03-09 12:28:26.535,2024-12-12 13:00:44.778,35.91,100,J+ZRiIffUm,com.sec.android.app.shealth,654c5eb0-0825-461f-abce-2dc6d936afd6,2024-12-12 00:00:00.000,,
17d2e501-40d5-41c1-8d68-4f8b69b6e325.custom.json,,-0.47,2025-03-09 12:28:26.555,2024-12-13 17:39:11.820,35.84,100,J+ZRiIffUm,com.sec.android.app.shealth,17d2e501-40d5-41c1-8d68-4f8b69b6e325,2024-12-13 00:00:00.000,,
ba9cf972-537d-4d40-8396-aeab51048365.custom.json,,-0.31,2025-03-09 12:28:26.586,2024-12-14 16:35:05.056,36.0,100,J+ZRiIffUm,com.sec.android.app.shealth,ba9cf972-537d-4d40-8396-aeab51048365,2024-12-14 00:00:00.000,,
4cdbd0c4-2fe2-4437-b9d1-36870dcc03df.custom.json,,-0.01,2025-03-09 12:28:26.624,2024-12-15 15:23:52.941,36.3,100,J+ZRiIffUm,com.sec.android.app.shealth,4cdbd0c4-2fe2-4437-b9d1-36870dcc03df,2024-12-15 00:00:00.000,,
54aca604-4b0b-4f87-b0e5-d54fb44692ee.custom.json,,0.24,2025-03-09 12:28:26.641,2024-12-16 15:07:47.450,36.55,100,J+ZRiIffUm,com.sec.android.app.shealth,54aca604-4b0b-4f87-b0e5-d54fb44692ee,2024-12-16 00:00:00.000,,
1b62c527-7a86-4fe2-93ca-957d6092f185.custom.json,[2],0.0,2024-12-17 16:18:12.771,2024-12-17 16:18:12.771,-1.0,,J+ZRiIffUm,com.sec.android.app.shealth,1b62c527-7a86-4fe2-93ca-957d6092f185,2024-12-17 00:00:00.000,,
91683cc6-dfb9-4d60-aeb9-839d5d18b065.custom.json,[2],0.0,2024-12-17 16:18:13.996,2024-12-17 16:18:13.996,-1.0,,J+ZRiIffUm,com.sec.android.app.shealth,91683cc6-dfb9-4d60-aeb9-839d5d18b065,2024-12-17 00:00:00.000,,
1e09c313-a493-4de5-9507-61481dd90a14.custom.json,,0.26,2025-03-09 12:28:26.661,2024-12-18 15:23:25.905,36.58,100,J+ZRiIffUm,com.sec.android.app.shealth,1e09c313-a493-4de5-9507-61481dd90a14,2024-12-18 00:00:00.000,,
920f8753-0f84-4db3-8512-2d008b299a10.custom.json,,0.02,2025-03-09 12:28:26.687,2024-12-19 15:41:04.786,36.34,100,J+ZRiIffUm,com.sec.android.app.shealth,920f8753-0f84-4db3-8512-2d008b299a10,2024-12-19 00:00:00.000,,
4e83bbc3-9227-4e03-95a5-9f134d7c3b86.custom.json,,0.14,2025-03-09 12:28:26.712,2024-12-20 18:36:08.650,36.46,100,J+ZRiIffUm,com.sec.android.app.shealth,4e83bbc3-9227-4e03-95a5-9f134d7c3b86,2024-12-20 00:00:00.000,,
930e4d19-d195-44f1-864d-611917614446.custom.json,,0.21,2025-03-09 12:28:26.733,2024-12-21 14:26:19.599,36.53,100,J+ZRiIffUm,com.sec.android.app.shealth,930e4d19-d195-44f1-864d-611917614446,2024-12-21 00:00:00.000,,
f5d1a005-6d23-427c-b4e0-9019d1f22de0.custom.json,,0.27,2025-03-09 12:28:26.751,2024-12-22 15:31:27.645,36.59,100,J+ZRiIffUm,com.sec.android.app.shealth,f5d1a005-6d23-427c-b4e0-9019d1f22de0,2024-12-22 00:00:00.000,,
24b13c4d-cadf-4ff1-bc43-2005686cd97f.custom.json,,0.39,2025-03-09 12:28:26.769,2024-12-23 17:59:07.084,36.71,100,J+ZRiIffUm,com.sec.android.app.shealth,24b13c4d-cadf-4ff1-bc43-2005686cd97f,2024-12-23 00:00:00.000,,
a3be0796-3388-4276-8403-3683223c7bdb.custom.json,,0.3,2025-03-09 12:28:26.787,2024-12-24 19:14:05.590,36.61,100,J+ZRiIffUm,com.sec.android.app.shealth,a3be0796-3388-4276-8403-3683223c7bdb,2024-12-24 00:00:00.000,,
bf16c002-90eb-49d0-9782-faa37a5d305a.custom.json,,0.26,2025-03-09 12:28:26.805,2024-12-26 02:30:41.587,36.57,100,J+ZRiIffUm,com.sec.android.app.shealth,bf16c002-90eb-49d0-9782-faa37a5d305a,2024-12-25 00:00:00.000,,
c37cf8cc-3a61-4c33-abca-2b1c6fd338af.custom.json,,0.21,2025-03-09 12:28:26.821,2024-12-26 17:08:51.556,36.53,100,J+ZRiIffUm,com.sec.android.app.shealth,c37cf8cc-3a61-4c33-abca-2b1c6fd338af,2024-12-26 00:00:00.000,,
36716bfb-567a-4bdd-b8ed-e23d947a1cfe.custom.json,,0.47,2025-03-09 12:28:26.840,2024-12-27 16:28:22.196,36.79,100,J+ZRiIffUm,com.sec.android.app.shealth,36716bfb-567a-4bdd-b8ed-e23d947a1cfe,2024-12-27 00:00:00.000,,
7001999b-d9b7-4819-a68f-bd8dcab18e1e.custom.json,,0.54,2025-03-09 12:28:26.859,2024-12-28 17:41:48.723,36.86,100,J+ZRiIffUm,com.sec.android.app.shealth,7001999b-d9b7-4819-a68f-bd8dcab18e1e,2024-12-28 00:00:00.000,,
3e10c9ee-dcf9-4301-9ea9-03c0f776b850.custom.json,,0.23,2025-03-09 12:28:26.880,2024-12-29 16:20:29.952,36.56,100,J+ZRiIffUm,com.sec.android.app.shealth,3e10c9ee-dcf9-4301-9ea9-03c0f776b850,2024-12-29 00:00:00.000,,
5864361a-8dba-4eff-81b9-a0f8a574de35.custom.json,,-0.08,2025-03-09 12:28:26.904,2024-12-30 18:34:33.439,36.25,100,J+ZRiIffUm,com.sec.android.app.shealth,5864361a-8dba-4eff-81b9-a0f8a574de35,2024-12-30 00:00:00.000,,
8c88de71-67cf-4db0-9779-c1ce3d9042e1.custom.json,,-0.33,2025-03-09 12:28:26.934,2024-12-31 13:39:30.812,36.0,100,J+ZRiIffUm,com.sec.android.app.shealth,8c88de71-67cf-4db0-9779-c1ce3d9042e1,2024-12-31 00:00:00.000,,
48527188-cb0b-4aa5-a289-dd8548a65d09.custom.json,,-0.22,2025-03-09 12:28:26.965,2025-01-01 17:58:14.994,36.11,100,J+ZRiIffUm,com.sec.android.app.shealth,48527188-cb0b-4aa5-a289-dd8548a65d09,2025-01-01 00:00:00.000,,
0c866b67-a4c9-4a3a-a66f-33974a6724b2.custom.json,,-0.26,2025-03-09 12:28:26.996,2025-01-02 17:23:23.189,36.06,100,J+ZRiIffUm,com.sec.android.app.shealth,0c866b67-a4c9-4a3a-a66f-33974a6724b2,2025-01-02 00:00:00.000,,
d5290c5e-8732-4361-a228-c50b278f958f.custom.json,,-0.03,2025-03-09 12:28:27.027,2025-01-03 13:01:37.118,36.3,100,J+ZRiIffUm,com.sec.android.app.shealth,d5290c5e-8732-4361-a228-c50b278f958f,2025-01-03 00:00:00.000,,
d1e292f5-121b-4a5a-bcd3-de6b5d8a4f3f.custom.json,,0.13,2025-03-09 12:28:27.053,2025-01-04 15:31:16.016,36.46,100,J+ZRiIffUm,com.sec.android.app.shealth,d1e292f5-121b-4a5a-bcd3-de6b5d8a4f3f,2025-01-04 00:00:00.000,,
abc32caa-4c8e-480d-a09c-a99afaf47f4c.custom.json,,0.09,2025-03-09 12:28:27.101,2025-01-05 15:45:22.193,36.43,100,J+ZRiIffUm,com.sec.android.app.shealth,abc32caa-4c8e-480d-a09c-a99afaf47f4c,2025-01-05 00:00:00.000,,
fbddac4e-99f9-40a9-830f-a1f2fb896dad.custom.json,,0.12,2025-03-09 12:28:27.129,2025-01-06 15:51:01.808,36.46,100,J+ZRiIffUm,com.sec.android.app.shealth,fbddac4e-99f9-40a9-830f-a1f2fb896dad,2025-01-06 00:00:00.000,,
a730ca6c-f22f-4879-9500-f7901b51928c.custom.json,,0.03,2025-03-09 12:28:27.148,2025-01-07 15:32:32.244,36.38,100,J+ZRiIffUm,com.sec.android.app.shealth,a730ca6c-f22f-4879-9500-f7901b51928c,2025-01-07 00:00:00.000,,
2aa7790e-ed63-4829-bf1e-6538420c5b06.custom.json,,0.01,2025-03-09 12:28:27.169,2025-01-08 15:09:10.594,36.36,100,J+ZRiIffUm,com.sec.android.app.shealth,2aa7790e-ed63-4829-bf1e-6538420c5b06,2025-01-08 00:00:00.000,,
0dd08e63-6f15-4b79-a54a-de4d7c973055.custom.json,,-0.19,2025-03-09 12:28:27.199,2025-01-09 15:20:04.887,36.16,100,J+ZRiIffUm,com.sec.android.app.shealth,0dd08e63-6f15-4b79-a54a-de4d7c973055,2025-01-09 00:00:00.000,,
d1d4c530-5021-4650-b491-372ba7e8eb0f.custom.json,,-0.35,2025-03-09 12:28:27.219,2025-01-10 07:01:10.423,36.0,100,J+ZRiIffUm,com.sec.android.app.shealth,d1d4c530-5021-4650-b491-372ba7e8eb0f,2025-01-10 00:00:00.000,,
063ab563-7316-497c-9ee2-d04838f169e6.custom.json,,-0.36,2025-03-09 12:28:27.249,2025-01-11 15:50:17.248,35.99,100,J+ZRiIffUm,com.sec.android.app.shealth,063ab563-7316-497c-9ee2-d04838f169e6,2025-01-11 00:00:00.000,,
14d359fb-70a2-4c95-94a6-c64baba6b6da.custom.json,,-0.3,2025-03-09 12:28:27.279,2025-01-12 19:38:42.251,36.05,100,J+ZRiIffUm,com.sec.android.app.shealth,14d359fb-70a2-4c95-94a6-c64baba6b6da,2025-01-12 00:00:00.000,,
f8df4746-5798-4448-850a-47e06e1ee444.custom.json,,-0.38,2025-03-09 12:28:27.311,2025-01-13 13:07:51.603,35.97,100,J+ZRiIffUm,com.sec.android.app.shealth,f8df4746-5798-4448-850a-47e06e1ee444,2025-01-13 00:00:00.000,,
ade88a0d-59c8-4c63-ad44-dc05bcd56583.custom.json,,-0.22,2025-03-09 12:28:27.352,2025-01-14 16:38:55.760,36.13,100,J+ZRiIffUm,com.sec.android.app.shealth,ade88a0d-59c8-4c63-ad44-dc05bcd56583,2025-01-14 00:00:00.000,,
68b2391e-01c4-44cf-a698-be90f862d6c7.custom.json,,-0.14,2025-03-09 12:28:27.387,2025-01-15 15:50:01.007,36.21,100,J+ZRiIffUm,com.sec.android.app.shealth,68b2391e-01c4-44cf-a698-be90f862d6c7,2025-01-15 00:00:00.000,,
cabfea0f-98d3-4f62-9878-fc88ac971747.custom.json,,0.08,2025-03-09 12:28:27.423,2025-01-16 16:09:51.541,36.43,100,J+ZRiIffUm,com.sec.android.app.shealth,cabfea0f-98d3-4f62-9878-fc88ac971747,2025-01-16 00:00:00.000,,
61f674a7-93eb-4961-aa6e-b84a45afa869.custom.json,,0.21,2025-03-09 12:28:27.464,2025-01-17 17:12:24.173,36.55,100,J+ZRiIffUm,com.sec.android.app.shealth,61f674a7-93eb-4961-aa6e-b84a45afa869,2025-01-17 00:00:00.000,,
c5f47ed7-fd62-4697-9923-6514f4f3323d.custom.json,,0.37,2025-03-09 12:28:27.492,2025-01-18 13:54:53.037,36.72,100,J+ZRiIffUm,com.sec.android.app.shealth,c5f47ed7-fd62-4697-9923-6514f4f3323d,2025-01-18 00:00:00.000,,
5dd7ab0c-c7a0-41cd-b17d-9530734988d1.custom.json,,0.59,2025-03-09 12:28:27.531,2025-01-19 15:48:32.090,36.94,100,J+ZRiIffUm,com.sec.android.app.shealth,5dd7ab0c-c7a0-41cd-b17d-9530734988d1,2025-01-19 00:00:00.000,,
3bd6e920-4059-4466-b511-f6ae19c0cfd3.custom.json,,0.69,2025-03-09 12:28:27.573,2025-01-20 14:59:06.642,37.04,100,J+ZRiIffUm,com.sec.android.app.shealth,3bd6e920-4059-4466-b511-f6ae19c0cfd3,2025-01-20 00:00:00.000,,
5efb527e-11ce-4b2a-be3f-02f5ce9acbf1.custom.json,[2],0.0,2025-01-21 14:53:41.245,2025-01-21 13:44:45.419,-1.0,100,J+ZRiIffUm,com.sec.android.app.shealth,5efb527e-11ce-4b2a-be3f-02f5ce9acbf1,2025-01-21 00:00:00.000,,
373f8484-4b49-401f-9f48-8ce371c46533.custom.json,,0.49,2025-03-09 12:28:27.606,2025-01-22 15:06:10.174,36.85,100,J+ZRiIffUm,com.sec.android.app.shealth,373f8484-4b49-401f-9f48-8ce371c46533,2025-01-22 00:00:00.000,,
f3abc4e7-0700-47c5-89db-70bc751e0882.custom.json,,0.17,2025-01-23 16:46:15.947,2025-01-23 16:46:15.947,36.53,100,J+ZRiIffUm,com.sec.android.app.shealth,f3abc4e7-0700-47c5-89db-70bc751e0882,2025-01-23 00:00:00.000,,
90fbf143-832b-4190-b482-97831ea84cf1.custom.json,,0.17,2025-01-23 16:46:16.224,2025-01-23 16:46:16.224,36.53,100,J+ZRiIffUm,com.sec.android.app.shealth,90fbf143-832b-4190-b482-97831ea84cf1,2025-01-23 00:00:00.000,,
a7ff0263-7d67-49f8-a13a-7c56f50ca924.custom.json,,0.17,2025-03-09 12:28:27.633,2025-01-23 16:46:18.237,36.53,100,J+ZRiIffUm,com.sec.android.app.shealth,a7ff0263-7d67-49f8-a13a-7c56f50ca924,2025-01-23 00:00:00.000,,
2028ea7b-b2ed-406d-a5d8-567720aa3b60.custom.json,,0.24,2025-03-09 12:28:27.655,2025-01-24 14:19:53.646,36.6,100,J+ZRiIffUm,com.sec.android.app.shealth,2028ea7b-b2ed-406d-a5d8-567720aa3b60,2025-01-24 00:00:00.000,,
cb638a53-1a1f-4749-8e0e-d6a5e8d11ff3.custom.json,,0.16,2025-03-09 12:28:27.679,2025-01-25 15:36:42.516,36.53,100,J+ZRiIffUm,com.sec.android.app.shealth,cb638a53-1a1f-4749-8e0e-d6a5e8d11ff3,2025-01-25 00:00:00.000,,
cc698e64-2f16-4dec-b335-f428ffaf920d.custom.json,[2],0.0,2025-01-26 16:16:13.480,2025-01-26 14:16:10.522,-1.0,100,J+ZRiIffUm,com.sec.android.app.shealth,cc698e64-2f16-4dec-b335-f428ffaf920d,2025-01-26 00:00:00.000,,
86cca6c7-cd68-45ad-961f-9f472d1f0ec1.custom.json,,-0.04,2025-03-09 12:28:27.707,2025-01-27 17:13:37.486,36.33,100,J+ZRiIffUm,com.sec.android.app.shealth,86cca6c7-cd68-45ad-961f-9f472d1f0ec1,2025-01-27 00:00:00.000,,
b0fac702-9b47-48f1-8882-af5cfeb15b50.custom.json,,-0.11,2025-03-09 12:28:27.732,2025-01-28 14:41:39.078,36.26,100,J+ZRiIffUm,com.sec.android.app.shealth,b0fac702-9b47-48f1-8882-af5cfeb15b50,2025-01-28 00:00:00.000,,
b860778b-9286-49aa-9450-3d895c0f9d51.custom.json,,-0.16,2025-03-09 12:28:27.754,2025-01-29 14:45:17.942,36.22,100,J+ZRiIffUm,com.sec.android.app.shealth,b860778b-9286-49aa-9450-3d895c0f9d51,2025-01-29 00:00:00.000,,
2b4e7988-a003-49a4-9efd-f6358f4bf579.custom.json,,-0.16,2025-03-09 12:28:27.781,2025-01-30 15:27:50.533,36.22,100,J+ZRiIffUm,com.sec.android.app.shealth,2b4e7988-a003-49a4-9efd-f6358f4bf579,2025-01-30 00:00:00.000,,
54491025-a4a1-4f56-b003-c9cebbaa2b2f.custom.json,,-0.16,2025-03-09 12:28:27.815,2025-01-31 16:45:19.420,36.22,100,J+ZRiIffUm,com.sec.android.app.shealth,54491025-a4a1-4f56-b003-c9cebbaa2b2f,2025-01-31 00:00:00.000,,
2dfde85f-ec6b-40a3-a096-d13813cbec0e.custom.json,,-0.07,2025-03-09 12:28:27.846,2025-02-01 14:46:58.036,36.31,100,J+ZRiIffUm,com.sec.android.app.shealth,2dfde85f-ec6b-40a3-a096-d13813cbec0e,2025-02-01 00:00:00.000,,
c3545dd5-910f-4eaf-9a90-c0b2e1bc7c08.custom.json,,-0.05,2025-03-09 12:28:27.872,2025-02-02 15:56:32.304,36.34,100,J+ZRiIffUm,com.sec.android.app.shealth,c3545dd5-910f-4eaf-9a90-c0b2e1bc7c08,2025-02-02 00:00:00.000,,
9c41b6e0-21cb-407e-bc14-0df32e883960.custom.json,,-0.11,2025-03-09 12:28:27.903,2025-02-04 16:56:56.459,36.28,100,J+ZRiIffUm,com.sec.android.app.shealth,9c41b6e0-21cb-407e-bc14-0df32e883960,2025-02-04 00:00:00.000,,
e2796a48-7e26-4636-bc9d-70a9d3bee671.custom.json,,0.0,2025-03-09 12:28:27.935,2025-02-05 14:27:35.193,36.38,100,J+ZRiIffUm,com.sec.android.app.shealth,e2796a48-7e26-4636-bc9d-70a9d3bee671,2025-02-05 00:00:00.000,,
344a167e-b611-495b-ad95-8811682ae377.custom.json,,-0.1,2025-03-09 12:28:27.962,2025-02-06 15:02:25.795,36.28,100,J+ZRiIffUm,com.sec.android.app.shealth,344a167e-b611-495b-ad95-8811682ae377,2025-02-06 00:00:00.000,,
513958ea-42cb-4fb0-b9df-545cc8ea17ce.custom.json,,-0.14,2025-03-09 12:28:27.987,2025-02-07 15:38:58.477,36.24,100,J+ZRiIffUm,com.sec.android.app.shealth,513958ea-42cb-4fb0-b9df-545cc8ea17ce,2025-02-07 00:00:00.000,,
b54740e7-0a26-4ce8-83e5-8e1ee6e60833.custom.json,,-0.27,2025-03-09 12:28:28.019,2025-02-08 15:55:18.853,36.1,100,J+ZRiIffUm,com.sec.android.app.shealth,b54740e7-0a26-4ce8-83e5-8e1ee6e60833,2025-02-08 00:00:00.000,,
6237e5bf-d913-4217-b904-ee50cf616cb6.custom.json,,-0.15,2025-03-09 12:28:28.045,2025-02-09 16:10:54.911,36.21,100,J+ZRiIffUm,com.sec.android.app.shealth,6237e5bf-d913-4217-b904-ee50cf616cb6,2025-02-09 00:00:00.000,,
c92fb58d-292c-48d4-b15a-bca8a8c9f2bf.custom.json,,0.07,2025-03-09 12:28:28.077,2025-02-10 14:21:16.250,36.43,100,J+ZRiIffUm,com.sec.android.app.shealth,c92fb58d-292c-48d4-b15a-bca8a8c9f2bf,2025-02-10 00:00:00.000,,
f3111c4d-ef4b-4e83-975d-c106e3789fb2.custom.json,,0.28,2025-03-09 12:28:28.116,2025-02-11 15:02:37.505,36.65,100,J+ZRiIffUm,com.sec.android.app.shealth,f3111c4d-ef4b-4e83-975d-c106e3789fb2,2025-02-11 00:00:00.000,,
27c6611f-609d-4cbb-8ead-95feedbcf71c.custom.json,,0.46,2025-03-09 12:28:28.142,2025-02-12 15:44:12.242,36.84,100,J+ZRiIffUm,com.sec.android.app.shealth,27c6611f-609d-4cbb-8ead-95feedbcf71c,2025-02-12 00:00:00.000,,
125a5794-d9c6-4d65-9c7d-a5b772669412.custom.json,,0.5,2025-03-09 12:28:28.161,2025-02-13 14:34:38.333,36.89,100,J+ZRiIffUm,com.sec.android.app.shealth,125a5794-d9c6-4d65-9c7d-a5b772669412,2025-02-13 00:00:00.000,,
aaad8bbc-eddf-4d19-83fc-df0d4b6faa39.custom.json,,0.44,2025-03-09 12:28:28.182,2025-02-14 15:35:47.081,36.84,100,J+ZRiIffUm,com.sec.android.app.shealth,aaad8bbc-eddf-4d19-83fc-df0d4b6faa39,2025-02-14 00:00:00.000,,
0895f327-661c-461d-adfe-13d7c68a38b0.custom.json,,0.43,2025-03-09 12:28:28.203,2025-02-15 16:25:16.071,36.83,100,J+ZRiIffUm,com.sec.android.app.shealth,0895f327-661c-461d-adfe-13d7c68a38b0,2025-02-15 00:00:00.000,,
8aa181da-b96e-458b-adfe-af7438d5a023.custom.json,,0.42,2025-03-09 12:28:28.223,2025-02-16 15:01:59.439,36.83,100,J+ZRiIffUm,com.sec.android.app.shealth,8aa181da-b96e-458b-adfe-af7438d5a023,2025-02-16 00:00:00.000,,
23de812b-a15a-4930-8857-aaada0e71ffa.custom.json,,0.49,2025-03-09 12:28:28.245,2025-02-17 14:15:03.765,36.9,100,J+ZRiIffUm,com.sec.android.app.shealth,23de812b-a15a-4930-8857-aaada0e71ffa,2025-02-17 00:00:00.000,,
16dc84f9-1099-4cc6-b72d-cdc4a1062605.custom.json,,0.41,2025-03-09 12:28:28.266,2025-02-18 14:54:33.390,36.83,100,J+ZRiIffUm,com.sec.android.app.shealth,16dc84f9-1099-4cc6-b72d-cdc4a1062605,2025-02-18 00:00:00.000,,
c8f7f50d-51a7-4b10-9e83-6182e69d2e8a.custom.json,,0.15,2025-03-09 12:28:28.294,2025-02-19 13:39:23.832,36.57,100,J+ZRiIffUm,com.sec.android.app.shealth,c8f7f50d-51a7-4b10-9e83-6182e69d2e8a,2025-02-19 00:00:00.000,,
81fea7b6-b251-41b3-a66a-7cd177d1b865.custom.json,,0.03,2025-03-09 12:28:28.320,2025-02-20 14:37:37.317,36.45,100,J+ZRiIffUm,com.sec.android.app.shealth,81fea7b6-b251-41b3-a66a-7cd177d1b865,2025-02-20 00:00:00.000,,
17db7313-603a-498a-8675-0269c0c74649.custom.json,,-0.18,2025-03-09 12:28:28.339,2025-02-21 17:00:46.503,36.23,100,J+ZRiIffUm,com.sec.android.app.shealth,17db7313-603a-498a-8675-0269c0c74649,2025-02-21 00:00:00.000,,
3967b7ad-b342-4d1a-9299-9d5898e5cff7.custom.json,,-0.19,2025-03-09 12:28:28.357,2025-02-22 15:05:25.094,36.22,100,J+ZRiIffUm,com.sec.android.app.shealth,3967b7ad-b342-4d1a-9299-9d5898e5cff7,2025-02-22 00:00:00.000,,
6a3e2fb3-5264-4c54-a267-bb8cb20e56cd.custom.json,,-0.11,2025-03-09 12:28:28.375,2025-02-23 14:37:59.031,36.29,100,J+ZRiIffUm,com.sec.android.app.shealth,6a3e2fb3-5264-4c54-a267-bb8cb20e56cd,2025-02-23 00:00:00.000,,
43d6de97-590f-4fe8-b630-d7d0cd3070fe.custom.json,,0.07,2025-03-09 12:28:28.392,2025-02-24 14:22:06.130,36.46,100,J+ZRiIffUm,com.sec.android.app.shealth,43d6de97-590f-4fe8-b630-d7d0cd3070fe,2025-02-24 00:00:00.000,,
10fe0212-3f3b-4022-bf1e-8bb2d954fac9.custom.json,,0.2,2025-03-09 12:28:28.411,2025-02-25 15:03:11.226,36.59,100,J+ZRiIffUm,com.sec.android.app.shealth,10fe0212-3f3b-4022-bf1e-8bb2d954fac9,2025-02-25 00:00:00.000,,
143ad574-c374-4cc6-bbb9-21daaddb9a49.custom.json,,0.0,2025-03-09 12:28:28.429,2025-02-26 14:37:28.553,36.4,100,J+ZRiIffUm,com.sec.android.app.shealth,143ad574-c374-4cc6-bbb9-21daaddb9a49,2025-02-26 00:00:00.000,,
2ae44237-0966-494f-9f56-027b2a099aa9.custom.json,,0.01,2025-03-09 12:28:28.446,2025-02-27 14:59:03.425,36.41,100,J+ZRiIffUm,com.sec.android.app.shealth,2ae44237-0966-494f-9f56-027b2a099aa9,2025-02-27 00:00:00.000,,
286f3afe-ee92-4622-9093-f05d3f7fa439.custom.json,,-0.03,2025-03-09 12:28:28.466,2025-02-28 13:05:27.308,36.37,100,J+ZRiIffUm,com.sec.android.app.shealth,286f3afe-ee92-4622-9093-f05d3f7fa439,2025-02-28 00:00:00.000,,
247996c2-a9e2-4a4f-9c72-282c6d6e9d9e.custom.json,,0.0,2025-03-09 12:28:28.484,2025-03-01 16:06:52.730,36.4,100,J+ZRiIffUm,com.sec.android.app.shealth,247996c2-a9e2-4a4f-9c72-282c6d6e9d9e,2025-03-01 00:00:00.000,,
69a6932d-05c0-4313-952a-4ed47fb7d91f.custom.json,,-0.13,2025-03-09 12:28:28.502,2025-03-02 15:08:02.926,36.27,100,J+ZRiIffUm,com.sec.android.app.shealth,69a6932d-05c0-4313-952a-4ed47fb7d91f,2025-03-02 00:00:00.000,,
323c280d-6e57-4b49-960f-3e24939f2a25.custom.json,,-0.09,2025-03-09 12:28:28.524,2025-03-03 14:54:09.915,36.31,100,J+ZRiIffUm,com.sec.android.app.shealth,323c280d-6e57-4b49-960f-3e24939f2a25,2025-03-03 00:00:00.000,,
c8ca9d46-03f1-4b47-8b0a-cf117ebc7e85.custom.json,,-0.02,2025-03-09 12:28:28.549,2025-03-04 15:06:32.629,36.38,100,J+ZRiIffUm,com.sec.android.app.shealth,c8ca9d46-03f1-4b47-8b0a-cf117ebc7e85,2025-03-04 00:00:00.000,,
5bd5fa1f-2cbd-443c-9b9e-89592ffc54bd.custom.json,,-0.06,2025-03-09 12:28:28.579,2025-03-05 14:49:27.591,36.34,100,J+ZRiIffUm,com.sec.android.app.shealth,5bd5fa1f-2cbd-443c-9b9e-89592ffc54bd,2025-03-05 00:00:00.000,,
e7afbbb9-524d-4781-8637-333ee3f63e6a.custom.json,,0.01,2025-03-09 12:28:28.605,2025-03-06 16:16:44.584,36.41,100,J+ZRiIffUm,com.sec.android.app.shealth,e7afbbb9-524d-4781-8637-333ee3f63e6a,2025-03-06 00:00:00.000,,
16bf38c3-6bb4-4e2e-8323-cdd6d0d0a363.custom.json,,0.18,2025-03-09 12:28:28.630,2025-03-07 14:44:25.682,36.58,100,J+ZRiIffUm,com.sec.android.app.shealth,16bf38c3-6bb4-4e2e-8323-cdd6d0d0a363,2025-03-07 00:00:00.000,,
f214b26c-98c2-4b92-a9d3-c75238039cff.custom.json,[2],0.0,2025-03-08 15:29:30.473,2025-03-08 15:17:18.771,-1.0,100,J+ZRiIffUm,com.sec.android.app.shealth,f214b26c-98c2-4b92-a9d3-c75238039cff,2025-03-08 00:00:00.000,,
279e1fcb-d411-40d8-97aa-1e447faabfa0.custom.json,,0.51,2025-03-09 12:28:28.668,2025-03-09 12:28:28.668,36.92,100,J+ZRiIffUm,com.sec.android.app.shealth,279e1fcb-d411-40d8-97aa-1e447faabfa0,2025-03-09 00:00:00.000,,
