com.samsung.shealth.vitality_score,6293007,3
activity_level,activity_score,create_sh_ver,active_time_scale,activity_balance_short_term_activity,activity_balance_long_term_activity,shr_balance_scale,mvpa_time_optimal_range_max,mvpa_time_optimal_range_min,max_hr,active_time,shrv_balance_scale,main_sleep_wake_up_time,mvpa_impulse_optimal_range_max,mvpa_impulse_optimal_range_min,shr_baseline_max,shr_baseline_min,shr_calculation_index,mvpa_time,modify_sh_ver,sleep_balance,update_time,create_time,total_score,data_version,avg_mid_sleep_time,mvpa_time_range_max,mvpa_time_range_min,mvpa_impulse,shrv_calculation_index,sleep_regularity_scale,stable_hr_time_rate,active_time_optimal_range_max,active_time_optimal_range_min,sleep_timing,shr_score,shr_value,mvpa_impulse_scale,sleep_regularity,sleep_timing_scale,prev_shrv_avg,mvpa_time_scale,deviceuuid,sleep_score,sleep_duration_scale,activity_balance,activity_balance_range_max,activity_balance_range_min,mvpa_impulse_range_max,mvpa_impulse_range_min,pkg_name,sleep_balance_scale,shrv_score,shrv_value,sleep_duration,activity_balance_scale,active_time_range_max,active_time_range_min,shrv_baseline_max,shrv_baseline_min,datauuid,prev_shr_avg,day_time,shrv_penalty,activity_balance_optimal_range_max,activity_balance_optimal_range_min
180003,52.301495,62850050,73.24814,,,79.73044,,,196.0,3516784,99.85038,1734418710000,,,62.298832,59.019947,-1,88000,62850050,1.2451322,2024-12-17 16:18:08.450,2024-12-17 16:18:08.450,67.08984,1,3.8309524,,,132.35226,-1,99.10157,0.8148148,,,3.15,79.73044,64.026665,96.16206,1.0059122,79.25,43.056015,77.28966,J+ZRiIffUm,55.09558,76.63095,,,,,,com.sec.android.app.shealth,76.094574,99.85038,43.16387,22187142,,,,55.33113,39.190697,ea797080-1a4e-47e5-a7e8-941c9d84cf6a,65.57772,2024-12-17 00:00:00.000,0,,,
180003,57.06864,62850050,70.89316,,,61.526802,,,196.0,3243606,96.310974,1734502440000,,,62.924633,59.612812,-1,744546,62850050,1.3240888,2024-12-18 15:23:25.670,2024-12-18 15:23:25.670,74.52208,1,3.5190475,,,138.24521,-1,75.40951,0.77546775,,,22.216667,61.526802,69.21118,99.172516,1.1138176,81.083336,42.182133,84.08151,J+ZRiIffUm,84.84863,80.63095,,,,,,com.sec.android.app.shealth,76.58806,96.310974,41.22271,23627142,,,,54.134052,38.414963,db93a41b-c47d-4ea6-b6a9-b80619dca597,66.23646,2024-12-18 00:00:00.000,0,,,
180003,83.65425,62850050,97.87373,,,63.193634,,,196.0,6953353,87.93358,1734587850000,,,63.43862,60.099747,-1,834502,62850050,1.3332131,2024-12-19 15:41:01.996,2024-12-19 15:41:01.996,79.415436,1,3.5333333,,,137.44388,-1,75.267555,0.8300117,,,22.85,63.193634,69.405495,99.80693,1.0986284,84.25,40.639645,85.01814,J+ZRiIffUm,88.04637,81.71429,,,,,,com.sec.android.app.shealth,76.64508,87.93358,37.72183,24017142,,,,52.025146,37.044712,25eedfa3-cd71-4d15-958a-58aac5f0981f,66.7775,2024-12-19 00:00:00.000,0,,,
180003,64.53754,62850050,79.87506,,,58.464897,,,196.0,4568261,99.283554,1734679650000,,,63.68552,60.333652,-1,798021,62850050,1.447055,2024-12-20 18:36:06.026,2024-12-20 18:36:06.026,77.99034,1,3.2571428,,,130.85484,-1,97.09218,0.81791043,,,23.083334,58.464897,70.99102,94.97656,0.8625756,85.833336,40.799942,84.6347,J+ZRiIffUm,96.98492,83.083336,,,,,,com.sec.android.app.shealth,77.35659,99.283554,41.28461,24510000,,,,52.24406,37.187164,5d26cf35-f9c3-48b1-834c-e90953642967,67.03739,2024-12-20 00:00:00.000,0,,,
180003,85.94603,62850050,95.31486,,,59.534668,,,196.0,7743477,79.53171,1734760740000,,,63.88421,60.52188,-1,713901,62850050,1.4050887,2024-12-21 14:26:11.842,2024-12-21 14:26:11.842,78.95535,1,3.2119048,,,131.194,-1,97.41351,0.60199004,,,23.283333,59.534668,70.79184,95.24507,0.88549685,87.83333,39.376507,83.764496,J+ZRiIffUm,91.97505,84.178566,,,,,,com.sec.android.app.shealth,77.09431,79.53171,34.16239,24904285,,,,50.30213,35.921654,ee049cff-6a90-403a-963c-14f2a94cb7d6,67.24654,2024-12-21 00:00:00.000,0,,,
180003,43.013584,62850050,58.93563,,,64.08254,,,196.0,1763409,86.52481,1734846300000,,,64.90396,61.487965,-1,0,62850050,1.3903437,2024-12-22 15:31:24.604,2024-12-22 15:31:24.604,72.28155,1,2.992857,,,-1.0,-1,98.68588,0.7719298,,,22.15,64.08254,70.80623,-1.0,0.9762603,80.75,38.735035,76.37931,J+ZRiIffUm,92.27595,83.916664,,,,,,com.sec.android.app.shealth,77.00215,86.52481,35.681026,24810000,,,,49.428528,35.350975,6fb81d94-a4f0-445c-acd6-156c400e294a,68.31996,2024-12-22 00:00:00.000,0,,,
180003,47.189674,62850050,65.45868,,,77.92041,,,196.0,2613207,97.48207,1734939480000,,,65.58552,62.13365,-1,0,62850050,1.4962747,2024-12-23 17:59:05.638,2024-12-23 17:59:05.638,79.96345,1,2.9809523,,,-1.0,-1,98.61652,0.8810916,,,23.083334,77.92041,68.029305,-1.0,0.97131205,85.833336,38.63616,76.37931,J+ZRiIffUm,98.596245,87.51785,,,,,,com.sec.android.app.shealth,77.664215,97.48207,38.048187,25804285,,,,49.293953,35.262993,7cd9badc-2b28-43bb-b9e4-18634d633249,69.03739,2024-12-23 00:00:00.000,0,,,
180003,68.58703,62850050,91.24405,,,83.81903,,,196.0,6184309,98.6401,1735020870000,,,65.89461,62.42647,-1,25000,62850050,0.78510445,2024-12-24 19:14:00.999,2024-12-24 19:14:00.999,84.09311,1,2.697619,,,126.840004,-1,92.04645,0.3952569,,,23.916666,83.81903,66.304184,91.798035,0.5026462,94.16666,38.068436,76.63793,J+ZRiIffUm,90.22206,92.875,,,,,,com.sec.android.app.shealth,96.006134,98.6401,38.915096,27090000,,,,48.521713,34.75769,c181b57b-ad59-473a-a2d7-784ac0dac7bf,69.36275,2024-12-24 00:00:00.000,0,,,
180003,37.27354,62850050,53.195576,,,68.94676,,,196.0,595358,98.59581,1735112490000,,,66.14104,62.65993,-1,0,62850050,0.8150339,2024-12-26 02:30:39.843,2024-12-26 02:30:39.843,75.07392,1,2.8857143,,,-1.0,-1,92.470825,0.61507535,,,23.4,68.94676,71.02695,-1.0,0.5329188,89.0,37.708813,76.37931,J+ZRiIffUm,97.16807,93.464294,,,,,,com.sec.android.app.shealth,96.42571,98.59581,38.572796,27231428,,,,48.032936,34.43751,44dd8982-5d4d-4068-ad9b-00e98ad8be9b,69.62215,2024-12-25 00:00:00.000,0,,,
180003,87.43764,62850050,88.69209,,,74.307816,,,196.0,5888283,99.218414,1735199790000,,,66.2008,62.716545,-1,2080646,62850050,1.1092991,2024-12-26 17:08:41.058,2024-12-26 17:08:41.058,80.05448,1,3.2880952,,,131.0705,-1,98.03497,0.8356375,,,2.5166667,74.307816,69.84583,95.14729,0.92982817,82.416664,37.78601,95.64514,J+ZRiIffUm,77.47012,89.85713,,,,,,com.sec.android.app.shealth,75.24562,99.218414,38.26575,26365714,,,,48.137836,34.506252,b87babe0-61ae-49d4-9c63-533ee4853b4c,69.68505,2024-12-26 00:00:00.000,0,,,
180003,39.85251,62850050,55.77455,,,95.71501,,,196.0,1120157,91.82324,1735284060000,,,65.0645,61.64005,-1,0,62850050,1.0519581,2024-12-27 16:28:20.097,2024-12-27 16:28:20.097,81.67331,1,3.3095238,,,-1.0,-1,98.04881,0.74734604,,,23.5,95.71501,62.618298,-1.0,0.9308153,90.0,38.062237,76.37931,J+ZRiIffUm,93.35545,88.73213,,,,,,com.sec.android.app.shealth,99.74707,91.82324,43.444157,26095714,,,,48.513283,34.752174,330376fb-9c4c-4a61-9325-36efe592bff5,68.488945,2024-12-27 00:00:00.000,0,,,
180003,94.744385,62850050,85.57533,,,84.94084,,,196.0,8873261,90.443954,1735368000000,,,64.168304,60.791027,-1,654642,62850050,1.0674636,2024-12-28 17:41:04.270,2024-12-28 17:41:04.270,88.840065,1,3.4190476,,,130.57524,-1,97.46223,0.8388747,,,0.15,84.94084,64.188286,94.755196,0.8889724,88.5,39.7779,83.151474,J+ZRiIffUm,89.0596,88.33928,,,,,,com.sec.android.app.shealth,99.96445,90.443954,46.51368,26001428,,,,50.849266,36.278625,9b8a47aa-9432-49f5-bda6-4ef7a9d3e86d,67.545586,2024-12-28 00:00:00.000,0,,,
180003,54.606926,62850050,75.212616,,,76.31642,,,196.0,3756995,96.67913,1735453500000,,,63.582283,60.235844,-1,251049,62850050,1.0592536,2024-12-29 16:20:27.023,2024-12-29 16:20:27.023,78.905914,1,3.5619047,,,130.4602,-1,94.843,0.64663464,,,23.483334,76.31642,66.48819,94.66412,0.7021346,89.83333,40.87646,78.976364,J+ZRiIffUm,89.65881,86.91072,,,,,,com.sec.android.app.shealth,99.84935,96.67913,43.177525,25658571,,,,52.348583,37.25517,4eaeef1e-f214-4395-b573-1113f99214bb,66.92872,2024-12-29 00:00:00.000,0,,,
180003,59.482613,62850050,76.6639,,,79.53705,,,196.0,4009519,99.16504,1735543290000,,,63.169186,59.84449,-1,515315,62850050,0.91185814,2024-12-30 18:34:30.934,2024-12-30 18:34:30.934,82.01171,1,3.597619,,,143.95618,-1,94.76802,0.4617092,,,23.85,79.53705,64.98545,94.65117,0.6967855,93.50001,41.46329,81.71016,J+ZRiIffUm,92.71403,84.78571,,,,,,com.sec.android.app.shealth,97.783066,99.16504,42.040398,25122857,,,,53.150593,37.776543,4024b9cc-128b-4972-b87f-a98e4a1b3663,66.49388,2024-12-30 00:00:00.000,0,,,
180003,48.934235,62850050,66.184845,,,77.760376,,,196.0,2697443,90.846375,1735622940000,,,63.054176,59.735535,-1,205275,62850050,0.91623056,2024-12-31 13:39:25.423,2024-12-31 13:39:25.423,76.94638,1,3.4928572,,,127.77325,-1,96.411316,0.9761273,,,23.2,77.760376,65.45675,92.53687,0.81400716,87.0,42.986237,78.502846,J+ZRiIffUm,86.33011,84.72619,,,,,,com.sec.android.app.shealth,97.84436,90.846375,50.093082,25101428,,,,55.235493,39.128777,bc4ec6e1-8062-49dd-90f0-40bf6f6aebbe,66.37282,2024-12-31 00:00:00.000,0,,,
180003,80.25545,62850050,65.879196,,,57.267685,,,196.0,11738013,75.786194,1735723620000,,,63.01015,59.69383,-1,865475,62850050,0.80732006,2025-01-01 17:58:07.155,2025-01-01 17:58:07.155,73.85552,1,3.790476,,,130.62535,-1,75.314995,0.9782609,,,1.7833333,57.267685,70.70251,94.794876,1.1037043,87.166664,42.475285,85.49875,J+ZRiIffUm,82.91541,83.833336,,,,,,com.sec.android.app.shealth,96.317566,75.786194,35.475586,24780000,,,,54.535442,38.67523,a1aed4f6-60e7-4134-b71b-563a632c49fa,66.32648,2025-01-01 00:00:00.000,0,,,
180003,94.33656,62850050,87.10766,,,55.4141,,,196.0,8695511,91.300476,1735806270000,,,63.211697,59.88476,0,1702466,62720090,0.77029246,2025-01-03 01:59:35.738,2025-01-02 17:23:15.803,77.51721,1,3.5642858,,,129.5672,0,98.15036,0.48908296,,,22.866667,55.4141,71.64985,93.95714,0.9380591,84.333336,43.01329,98.48654,dJyJOdI5UV,84.28474,82.88095,,,,,,com.sec.android.app.shealth,95.79849,91.300476,40.73022,24437142,,,,55.272564,39.15279,fc11d92d-ba21-4e6f-8008-e4547565971d,66.53863,2025-01-02 00:00:00.000,0,,,
180003,83.567024,62850050,95.21424,,,70.16991,,,196.0,6644851,80.30084,1735892040000,,,64.054794,60.68349,-1,1212705,62850050,1.251798,2025-01-03 16:14:26.781,2025-01-03 13:01:33.026,83.08381,1,3.5119047,,,131.10591,-1,98.38681,0.7182609,,,21.883333,70.16991,68.51168,95.17533,0.9549253,79.416664,41.79184,90.88681,J+ZRiIffUm,100.0,95.78571,,,,,,com.sec.android.app.shealth,76.13624,80.30084,36.435074,27788571,,,,53.599945,38.068363,7b7c3350-b4fb-4c1b-9aa0-458713e62236,67.4261,2025-01-03 00:00:00.000,0,,,
180003,51.254883,62850050,72.59003,,,75.75795,,,196.0,3440442,83.3587,1735974930000,,,64.526695,61.13055,-1,0,62850050,1.2952272,2025-01-04 15:31:05.532,2025-01-04 15:31:05.532,76.82114,1,3.6166666,,,-1.0,-1,98.69452,0.6398929,,,1.0333333,75.75795,67.66543,-1.0,0.9768756,94.666664,40.421806,76.37931,J+ZRiIffUm,89.19826,95.16072,,,,,,com.sec.android.app.shealth,76.40767,83.3587,36.295925,27638571,,,,51.72775,36.85109,2ac76ab5-97f2-4b14-8a07-090b1d488754,67.92284,2025-01-04 00:00:00.000,0,,,
180003,80.05058,62850050,94.875305,,,74.90044,,,196.0,7794466,93.818085,1736062410000,,,64.75742,61.349136,-1,34924,62850050,1.4620386,2025-01-05 15:45:20.555,2025-01-05 15:45:20.555,84.68304,1,3.5642858,,,126.80174,-1,99.30037,0.8900084,,,21.633333,74.90044,68.18833,91.76774,1.0200931,78.166664,39.727943,76.74059,J+ZRiIffUm,100.0,98.42857,,,,,,com.sec.android.app.shealth,77.45024,93.818085,38.249012,29177142,,,,50.781155,36.234203,02145581-dec6-4a43-b8ec-5535bf72b58d,68.16571,2025-01-05 00:00:00.000,0,,,
180003,84.32529,62850050,90.82356,,,85.64682,,,196.0,6135533,80.41545,1736147700000,,,64.69856,61.293377,-1,1500037,62850050,1.6082925,2025-01-06 15:50:57.202,2025-01-06 15:50:57.202,85.025566,1,3.6452382,,,133.89423,-1,99.60699,0.47027028,,,1.0833334,85.64682,64.55173,97.38283,1.0419654,94.16667,41.80938,95.3454,J+ZRiIffUm,87.13695,98.69643,,,,,,com.sec.android.app.shealth,78.36433,80.41545,60.105007,28487142,,,,53.62394,38.08394,faa4508a-995f-4681-958c-798833e5933f,68.10375,2025-01-06 00:00:00.000,0,,,
180003,54.862766,62850050,75.55671,,,83.1615,,,196.0,3816867,89.6154,1736230800000,,,64.67778,61.27369,-1,261000,62850050,1.4653926,2025-01-07 15:32:29.139,2025-01-07 15:32:29.139,82.50108,1,3.642857,,,128.78545,-1,99.649185,0.8773389,,,22.316668,83.1615,65.30363,93.33823,1.0449752,81.583336,40.13877,79.079315,J+ZRiIffUm,96.77547,97.589294,,,,,,com.sec.android.app.shealth,77.47121,89.6154,37.653908,29378571,,,,51.34149,36.599487,08158b00-2c9b-4c11-a9fb-b746578b86e5,68.08188,2025-01-07 00:00:00.000,0,,,
180003,77.02084,62850050,96.28906,,,73.24308,,,196.0,6769530,99.97718,1736317680000,,,64.32564,60.940075,-1,391940,62850050,1.5102935,2025-01-08 15:08:57.481,2025-01-08 15:08:57.481,82.38814,1,3.2595239,,,129.02898,-1,94.51192,0.47044918,,,23.416666,73.24308,68.10774,93.53104,0.6785172,89.16666,40.976086,80.43386,J+ZRiIffUm,92.35341,98.91072,,,,,,com.sec.android.app.shealth,77.75183,99.97718,40.991528,29061428,,,,52.484688,37.34369,d5146e00-5121-45a2-85ab-cf38389f89d6,67.7112,2025-01-08 00:00:00.000,0,,,
180003,55.405773,62850050,73.782005,,,74.59101,,,196.0,3578713,96.50282,1736400510000,,,63.7165,60.363,-1,472283,62850050,1.5302432,2025-01-09 15:20:00.234,2025-01-09 15:20:00.234,76.60361,1,3.0952382,,,131.236,-1,94.90777,0.70850766,,,23.5,74.59101,67.16144,95.27832,0.70675397,90.0,40.869766,81.265,J+ZRiIffUm,82.64672,93.44643,,,,,,com.sec.android.app.shealth,77.87652,96.50282,39.995388,27227142,,,,52.339436,37.249218,4aa211e2-000f-4ec4-9e1e-70bacfc654b0,67.07,2025-01-09 00:00:00.000,0,,,
180003,51.04668,62850050,67.309845,,,81.176956,,,196.0,2827941,92.355896,1736492880000,,,63.163097,59.838722,-1,353931,62850050,1.4331356,2025-01-10 15:24:16.355,2025-01-10 15:24:16.355,81.42749,1,3.0190475,,,133.49292,-1,95.31326,0.73937154,,,21.916666,81.176956,64.43402,97.06511,0.7356797,79.58333,41.230713,80.040665,J+ZRiIffUm,97.92389,92.23214,,,,,,com.sec.android.app.shealth,77.2696,92.355896,39.32265,26935714,,,,52.83264,37.56993,4d3cc273-2161-4e89-91a8-760e1b28593f,66.48747,2025-01-10 00:00:00.000,0,,,
180003,71.65216,62850050,82.64474,,,84.05345,,,196.0,5050184,93.40603,1736579400000,,,62.505016,59.21528,-1,773905,62850050,1.4033034,2025-01-11 15:50:08.091,2025-01-11 15:50:08.091,83.84726,1,2.9880953,,,140.45284,-1,94.692116,0.5681234,,,0.68333334,84.05345,62.816406,97.42474,0.69137067,98.16667,42.89646,84.38522,J+ZRiIffUm,88.79786,92.78571,,,,,,com.sec.android.app.shealth,77.083145,93.40603,47.891903,27068571,,,,55.112446,39.049095,3ba85270-dacf-403e-a01e-f8f255cd6422,65.794754,2025-01-11 00:00:00.000,0,,,
180003,63.79772,62850050,97.06433,,,66.41446,,,196.0,6859462,87.74136,1736660580000,,,62.423782,59.138317,-1,2977483,62850050,1.0022635,2025-01-12 19:38:38.367,2025-01-12 19:38:38.367,76.87103,1,2.8880954,,,156.95172,-1,96.028946,0.36619717,,,22.066668,66.41446,67.589745,84.575096,0.7867311,80.333336,43.167168,82.81914,J+ZRiIffUm,87.10963,86.73215,,,,,,com.sec.android.app.shealth,99.05043,87.74136,39.97106,25615714,,,,55.483498,39.28934,b5aa5934-2cf1-449d-8835-38c3d80bde1d,65.70924,2025-01-12 00:00:00.000,0,,,
180003,87.075745,62850050,97.00689,,,69.67188,,,196.0,7547200,99.55368,1736749320000,,,62.792923,59.488033,-1,923210,62850050,0.938281,2025-01-13 14:23:07.822,2025-01-13 13:07:47.734,83.31897,1,2.642857,,,131.50623,-1,93.32535,0.4525862,,,22.533333,69.67188,67.271736,95.49225,0.59387475,82.666664,40.900345,86.394646,J+ZRiIffUm,92.42289,90.089294,,,,,,com.sec.android.app.shealth,98.15347,99.55368,41.202553,26421428,,,,52.381203,37.276386,81399e4f-3702-4265-9aaa-dcdf2bdac659,66.09782,2025-01-13 00:00:00.000,0,,,
180003,67.18609,62850050,87.9355,,,77.541855,,,196.0,5800517,99.66739,1736837550000,,,63.04782,59.72951,-1,183980,62900750,0.9278156,2025-01-15 15:49:53.585,2025-01-14 16:38:42.602,84.890625,1,2.7285714,,,128.88033,-1,91.81555,0.51211804,,,22.966667,77.541855,67.181816,93.413345,0.58382404,84.833336,41.50453,78.282555,J+ZRiIffUm,96.58005,89.85713,,,,,,com.sec.android.app.shealth,86.99324,99.66739,41.733772,26365714,,,,53.20699,37.813183,cd93fc20-443e-4870-995c-8b66043595e0,66.36613,2025-01-14 00:00:00.000,0,,,
180003,74.53674,62900750,91.965225,,,75.076584,,,196.0,6267967,97.47626,1736926500000,,,63.03067,59.71327,-1,384292,62900750,0.9373471,2025-01-15 15:55:52.116,2025-01-15 15:49:57.531,84.150475,1,2.752381,,,134.4749,-1,91.65915,0.72669494,,,22.633333,75.076584,67.98137,97.842545,0.5949811,83.166664,41.88207,80.354744,J+ZRiIffUm,95.98033,91.60715,,,,,,com.sec.android.app.shealth,86.85962,97.47626,43.673897,26785714,,,,53.723396,38.1485,52f44ca5-1ef9-4f1f-a9f9-87e7c5ae33b4,66.348076,2025-01-15 00:00:00.000,0,,,
180003,84.858246,62900750,98.33685,,,72.42476,,,196.0,7392924,86.33681,1737005310000,,,63.25596,59.926697,-1,830087,62900750,0.8807222,2025-01-16 16:09:43.380,2025-01-16 16:09:43.380,81.4272,1,2.7333333,,,132.20029,-1,91.51401,0.99065423,,,23.233334,72.42476,68.82143,96.04174,0.60533357,87.333336,41.612038,84.966415,J+ZRiIffUm,87.61215,92.17857,,,,,,com.sec.android.app.shealth,87.65343,86.33681,38.224884,26922857,,,,53.354,37.90867,d5f90c81-686e-43aa-9665-72bc335df444,66.58522,2025-01-16 00:00:00.000,0,,,
180003,48.548218,62900750,67.84189,,,79.67464,,,196.0,2889659,92.84186,1737102600000,,,63.61381,60.265713,-1,0,62900750,1.3751078,2025-01-17 17:12:17.324,2025-01-17 17:12:17.324,83.8406,1,2.8214288,,,-1.0,-1,91.41741,0.5419255,,,21.766666,79.67464,67.07085,-1.0,0.6122244,78.83333,41.695934,76.37931,J+ZRiIffUm,100.0,95.85713,,,,,,com.sec.android.app.shealth,83.09308,92.84186,39.88096,27805714,,,,53.46875,37.98319,a3a204e1-1637-43a9-bb7b-c5a519b1946b,66.96191,2025-01-17 00:00:00.000,0,,,
180003,65.78192,62900750,82.86535,,,43.522865,,,196.0,5088570,81.95566,1737178440000,,,66.979485,63.45425,-1,580722,62900750,1.3049238,2025-01-18 13:54:52.254,2025-01-18 13:54:52.254,68.42317,1,2.502381,,,128.99283,-1,92.493774,0.27146173,,,21.816668,43.522865,87.61613,93.50241,0.53544444,79.083336,39.935764,82.38678,J+ZRiIffUm,94.6403,97.35713,,,,,,com.sec.android.app.shealth,83.53172,81.95566,35.411175,28165714,,,,51.06456,36.419,85c5150c-f70d-41ec-b06a-f5b8205a9d02,70.50472,2025-01-18 00:00:00.000,0,,,
180003,43.979042,62900750,80.88964,,,55.467896,,,196.0,9655202,80.186615,1737270930000,,,68.61902,65.00749,-1,3954153,62900750,1.4312752,2025-01-19 15:47:34.176,2025-01-19 15:47:34.176,74.033844,1,2.5666668,,,147.84453,-1,93.249084,0.74300253,,,21.433332,55.467896,79.67048,91.57278,0.48156497,77.166664,39.036873,71.57348,J+ZRiIffUm,100.0,96.80357,,,,,,com.sec.android.app.shealth,82.74203,80.186615,34.082943,29567142,,,,49.839474,35.61953,a29edcab-6fb8-4500-b6cc-3e83470919bf,72.230545,2025-01-19 00:00:00.000,0,,,
180003,58.10466,62900750,74.39607,,,52.70469,,,196.0,3649944,87.21196,1737355260000,,,71.00555,67.26841,-1,685987,62900750,1.445846,2025-01-20 14:59:01.079,2025-01-20 14:35:20.401,75.15082,1,2.602381,,,135.7598,-1,93.258995,0.81737196,,,22.716667,52.70469,84.85672,98.85979,0.48085812,83.583336,38.17036,83.47573,J+ZRiIffUm,96.87927,97.33928,,,,,,com.sec.android.app.shealth,82.65096,87.21196,35.31948,29438571,,,,48.660294,34.848427,07d82e2f-7f5f-482a-bc7e-086987cfe9f2,74.74268,2025-01-20 00:00:00.000,0,,,
180003,83.06235,62900750,96.51099,,,83.15056,,,196.0,7604726,99.80119,1737437280000,,,72.01362,68.22343,-1,301785,62900750,1.4429269,2025-01-21 13:44:42.644,2025-01-21 13:44:42.644,89.874245,1,2.3904762,,,151.15771,-1,91.50221,0.026915114,,,21.416666,83.15056,74.60969,88.94974,0.6061757,77.08333,37.599243,79.50122,J+ZRiIffUm,95.81142,97.03572,,,,,,com.sec.android.app.shealth,82.669205,99.80119,37.554077,29511428,,,,47.884075,34.339954,aeb8e6ac-53da-4756-a969-1b7facc14823,75.80381,2025-01-21 00:00:00.000,0,,,
180003,83.04159,62900750,94.35287,,,98.97122,,,196.0,7855068,84.1021,1737527370000,,,72.132416,68.33597,-1,2084135,62900750,1.4405608,2025-01-22 15:06:04.879,2025-01-22 15:06:04.879,94.778824,1,2.2619047,,,145.79799,-1,92.526794,0.65628046,,,21.933332,98.97122,68.85673,93.19302,0.53308874,79.666664,38.327724,95.591,J+ZRiIffUm,98.87741,95.55357,,,,,,com.sec.android.app.shealth,82.684,84.1021,49.952755,29867142,,,,48.874313,34.98849,7fbccf35-08ab-4989-a168-06edef9c2d06,75.928856,2025-01-22 00:00:00.000,0,,,
180003,50.85734,62900750,66.54759,,,88.38278,,,196.0,2739520,84.84729,1737617940000,,,72.817505,68.98501,-1,439213,62900750,1.2405653,2025-01-23 16:46:14.906,2025-01-23 16:46:14.906,86.70304,1,2.2785714,,,129.5888,-1,92.466515,0.6796941,,,21.3,88.38278,73.86946,93.97425,0.5373888,76.5,37.76036,80.9229,J+ZRiIffUm,100.0,87.91072,,,,,,com.sec.android.app.shealth,83.93397,84.84729,34.435646,31701428,,,,48.10298,34.483414,9bb6ba85-8e3b-41d8-bf4d-d29b3f8c77cf,76.65001,2025-01-23 00:00:00.000,0,,,
180003,60.87712,62900750,77.2564,,,69.3669,,,196.0,4112614,91.3417,1737698190000,,,72.668236,68.84359,-1,902724,62900750,1.0084254,2025-01-24 14:19:30.365,2025-01-24 14:19:30.365,82.10899,1,2.0095236,,,128.17276,-1,92.80849,0.4,,,20.566668,69.3669,65.97098,92.853165,0.5129943,68.50001,38.30323,86.07675,J+ZRiIffUm,100.0,90.82143,,,,,,com.sec.android.app.shealth,85.86319,91.3417,44.07177,31002857,,,,48.840996,34.96669,27b7cf84-9143-458f-bdcf-a30335b7d245,76.49288,2025-01-24 00:00:00.000,0,,,
180003,61.686367,62900750,56.56005,,,70.43777,,,196.0,13120000,82.28166,1737788070000,,,69.39862,65.746056,-1,1581797,62900750,0.82354283,2025-01-25 15:36:44.427,2025-01-25 15:36:44.427,81.390564,1,2.1142857,,,130.96915,-1,92.84266,0.39813954,,,21.95,70.43777,63.524216,95.06706,0.5105574,79.75,40.897194,96.61409,J+ZRiIffUm,100.0,87.01785,,,,,,com.sec.android.app.shealth,88.455,82.28166,56.02052,31915714,,,,52.376907,37.273586,048ef0f9-245c-4833-9408-29075256901e,73.05118,2025-01-25 00:00:00.000,0,,,
180003,67.37954,62900750,89.22838,,,73.85429,,,196.0,5950491,98.47748,1737870930000,,,67.14599,63.61199,-1,95514,62900750,0.80921036,2025-01-26 14:16:02.711,2025-01-26 14:16:02.711,83.717285,1,2.0785713,,,127.68053,-1,92.95325,0.35396308,,,22.25,73.85429,63.072132,92.46347,0.50266856,81.25,42.360336,77.367386,J+ZRiIffUm,97.20668,91.625,,,,,,com.sec.android.app.shealth,88.65593,98.47748,43.447887,30810000,,,,54.378033,38.573185,1c99ae56-f6d6-48f6-82cd-b672f085a5e2,70.67999,2025-01-26 00:00:00.000,0,,,
180003,59.594273,62900750,74.61836,,,82.81833,,,196.0,10724269,87.14325,1737960600000,,,64.74927,61.34141,-1,2446143,62900750,0.70778584,2025-01-27 17:13:30.491,2025-01-27 17:13:30.491,86.282364,1,2.004762,,,142.12965,-1,93.83133,0.43010753,,,21.533333,82.81833,67.19668,96.09721,0.4400319,77.666664,43.080463,89.97363,J+ZRiIffUm,100.0,87.73215,,,,,,com.sec.android.app.shealth,90.07777,87.14325,39.74304,31744285,,,,55.36465,39.2124,ab08d941-7255-45d3-8a60-8a3963322acd,68.15713,2025-01-27 00:00:00.000,0,,,
180003,58.938156,62900750,79.138306,,,82.359406,,,196.0,4440065,92.03221,1738043340000,,,63.602562,60.25506,-1,311836,62900750,0.68615437,2025-01-28 14:41:25.597,2025-01-28 14:41:25.597,86.24098,1,2.045238,,,137.3605,-1,94.44181,0.38617885,,,21.616667,82.359406,66.160255,99.87294,0.396484,78.083336,43.710575,79.6052,J+ZRiIffUm,98.93672,87.41072,,,,,,com.sec.android.app.shealth,90.38101,92.03221,41.571915,31821428,,,,56.22882,39.77149,9e108afb-33d2-4e1b-80ae-17fdc498c487,66.950066,2025-01-28 00:00:00.000,0,,,
180003,84.51019,62900750,99.68622,,,83.05899,,,196.0,7163601,96.4792,1738129980000,,,63.139717,59.816574,-1,1011307,62900750,0.9533031,2025-01-29 14:45:11.205,2025-01-29 14:45:11.205,87.716644,1,2.0738094,,,130.04498,-1,94.203964,0.569378,,,22.916666,83.05899,65.44631,94.3354,0.41345015,84.58333,42.59227,87.761665,J+ZRiIffUm,90.81848,90.82143,,,,,,com.sec.android.app.shealth,86.63593,96.4792,41.664852,31002857,,,,54.69566,38.779083,efea2819-d6e3-46d3-ad04-25aa8c003415,66.46286,2025-01-29 00:00:00.000,0,,,
180003,91.98962,62900750,88.38704,,,70.10552,,,196.0,5852896,72.49274,1738219020000,,,62.39666,59.112625,-1,1521540,62900750,0.8225837,2025-01-30 15:27:44.974,2025-01-30 15:27:44.974,81.74305,1,2.0809522,,,149.03992,-1,94.104485,0.5621181,,,22.433332,70.10552,68.39429,90.62639,0.42054656,82.166664,42.657887,95.67906,J+ZRiIffUm,96.71016,94.30357,,,,,,com.sec.android.app.shealth,88.46845,72.49274,34.80872,30167142,,,,54.785553,38.837337,aff0b6b9-5f13-4c0b-894d-ead79886cb2e,65.680695,2025-01-30 00:00:00.000,0,,,
180003,74.55954,62900750,93.14437,,,78.34738,,,196.0,6404747,93.87155,1738306020000,,,62.436684,59.15054,-1,359739,62900750,0.73385686,2025-01-31 16:45:12.837,2025-01-31 16:45:12.837,86.49008,1,2.2499998,,,129.38863,-1,96.36105,0.8119002,,,22.1,78.34738,66.2659,93.815765,0.25957853,80.5,43.15803,80.100746,J+ZRiIffUm,100.0,95.78571,,,,,,com.sec.android.app.shealth,89.71229,93.87155,47.818573,29811428,,,,55.470985,39.28123,e9611f94-28e6-4a23-b934-3477d8ff9343,65.722824,2025-01-31 00:00:00.000,0,,,
180003,57.787704,62900750,80.11358,,,59.74957,,,196.0,4609763,64.26018,1738391280000,,,63.595264,60.248142,-1,109046,62900750,0.6803632,2025-02-02 04:04:32.063,2025-02-01 14:46:54.225,76.13306,1,2.238095,,,130.68817,-1,96.44624,0.610101,,,22.216667,59.74957,72.0611,94.844604,0.25350162,81.083336,39.63654,77.50737,dJyJOdI5UV,100.0,97.30357,,,,,,com.sec.android.app.shealth,90.4622,64.26018,30.873474,29447142,,,,50.65654,36.152916,9ae92581-64af-4302-8a84-1b8669306a36,66.94238,2025-02-01 00:00:00.000,0,,,
180003,49.50849,62900750,69.52644,,,75.71759,,,196.0,3085067,85.53764,1738480650000,,,64.43801,61.04653,-1,0,62900750,0.7225495,2025-02-02 15:56:21.578,2025-02-02 15:56:21.578,81.76961,1,2.3261902,,,-1.0,-1,95.94765,0.54132605,,,22.116667,75.71759,69.281845,-1.0,0.2890677,80.583336,38.46648,76.37931,J+ZRiIffUm,100.0,94.08929,,,,,,com.sec.android.app.shealth,89.870804,85.53764,35.227005,30218571,,,,49.06306,35.111984,de25907b-a4de-4914-ac7f-82c057da4fe9,67.82948,2025-02-02 00:00:00.000,0,,,
180003,68.41335,62900750,83.17459,,,80.2177,,,196.0,5142378,82.003876,1738650240000,,,64.861275,61.44752,-1,750890,62900750,0.7363011,2025-02-04 16:56:50.854,2025-02-04 16:56:50.854,84.31903,1,2.511111,,,129.42072,-1,98.056076,0.72869956,,,22.966667,80.2177,68.20071,93.84117,0.13866657,84.833336,40.113,84.14714,J+ZRiIffUm,97.65238,98.27083,,,,,,com.sec.android.app.shealth,89.678024,82.003876,55.232533,29215000,,,,51.306324,36.57658,1b5ccae1-67de-4c2c-8ce7-c83ac01a89f8,68.275024,2025-02-04 00:00:00.000,0,,,
180003,47.97246,62900750,63.903397,,,88.06958,,,196.0,2432794,95.23102,1738736010000,,,64.94113,61.523174,-1,218738,62900750,0.65755355,2025-02-05 14:27:29.629,2025-02-05 14:27:29.629,85.41701,1,2.5388887,,,132.3591,-1,98.17684,0.2902857,,,22.933332,88.06958,65.95066,96.16748,0.13005227,84.666664,39.577538,78.64212,J+ZRiIffUm,94.10141,97.458336,,,,,,com.sec.android.app.shealth,90.78195,95.23102,38.437202,29410000,,,,50.57611,36.100452,25acdeee-1073-47ab-b3de-be0b29562fe8,68.359085,2025-02-05 00:00:00.000,0,,,
180003,83.14912,62900750,89.9012,,,79.815155,,,196.0,6028539,98.00138,1738824360000,,,64.94644,61.52821,-1,1155338,62900750,1.1352788,2025-02-06 15:02:14.623,2025-02-06 15:02:14.623,82.42842,1,2.7722223,,,141.77708,-1,92.59837,0.5219941,,,1.0833334,79.815155,68.427864,96.37633,0.5279826,94.16667,40.875565,89.99661,J+ZRiIffUm,80.270996,96.29167,,,,,,com.sec.android.app.shealth,84.59201,98.00138,42.24527,27910000,,,,52.34736,37.254368,b8a6d690-7c7d-4c12-9637-f2d8999e12ed,68.36468,2025-02-06 00:00:00.000,0,,,
180003,56.86783,62910110,78.03825,,,82.742966,,,196.0,4248656,88.34149,1738913580000,,,65.16646,61.736645,-1,188532,62910110,1.0759579,2025-02-07 15:38:45.623,2025-02-07 15:38:45.623,84.09491,1,2.9472222,,,136.64034,-1,92.15354,0.34086242,,,23.433332,82.742966,67.65549,99.55691,0.55971384,89.33333,39.052765,78.32964,J+ZRiIffUm,93.91403,94.875,,,,,,com.sec.android.app.shealth,84.96276,88.34149,36.368427,27570000,,,,49.861115,35.633663,50ca7eca-b8d2-4cd6-81f4-43b2e730916b,68.596275,2025-02-07 00:00:00.000,0,,,
180003,87.33679,62910110,94.16518,,,79.39703,,,196.0,7876839,93.07772,1739000400000,,,64.547066,61.149853,-1,669844,62910110,1.2584897,2025-02-08 15:54:32.592,2025-02-08 15:54:32.592,81.858765,1,3.363889,,,133.93771,-1,88.52725,0.6076696,,,2.0166667,79.39703,68.149124,97.41725,0.8183891,84.916664,41.883766,83.30873,J+ZRiIffUm,79.46683,88.375,,,,,,com.sec.android.app.shealth,83.82194,93.07772,46.9839,26010000,,,,53.72571,38.15001,9da4870b-4c00-4d86-8bce-18d3aa1df390,67.94428,2025-02-08 00:00:00.000,0,,,
180003,59.79287,62920010,81.33545,,,71.71374,,,196.0,4822368,69.940155,1739087370000,,,64.7586,61.35025,-1,237875,62920010,0.97041494,2025-02-09 16:10:44.418,2025-02-09 16:10:44.418,77.942276,1,3.5694444,,,131.21046,-1,89.06817,0.7411386,,,0.06666667,71.71374,70.617836,95.2581,0.7798039,89.33333,41.51154,78.84009,J+ZRiIffUm,91.83319,84.88889,,,,,,com.sec.android.app.shealth,86.39606,69.940155,33.38984,25160000,,,,53.216568,37.819405,6b200e92-12a5-4327-93d3-9800c5f68c71,68.16695,2025-02-09 00:00:00.000,0,,,
180003,89.13034,62920010,94.791885,,,78.22891,,,196.0,7804142,80.480774,1739167260000,,,64.85432,61.44093,-1,868454,62920010,1.0883752,2025-02-10 14:20:24.658,2025-02-10 14:20:24.658,80.25282,1,3.545238,,,132.95166,-1,89.84502,0.6815287,,,0.78333336,78.22891,68.872246,96.636604,0.72438884,97.16667,40.5918,85.54498,J+ZRiIffUm,79.95436,82.38095,,,,,,com.sec.android.app.shealth,84.885155,80.480774,35.485847,24257142,,,,51.959816,37.002182,ba15b165-55f7-4ecb-91b5-27d7ff43155a,68.2677,2025-02-10 00:00:00.000,0,,,
180003,77.931175,62920010,93.80759,,,73.4149,,,196.0,6481680,95.22763,1739255880000,,,65.19398,61.76272,-1,776500,62920010,1.1163507,2025-02-11 15:02:29.395,2025-02-11 15:02:29.395,82.47351,1,3.5595238,,,126.867256,-1,90.074036,0.9004329,,,22.933332,73.4149,70.70347,91.8196,0.70805204,84.666664,38.37476,84.41207,J+ZRiIffUm,90.34856,82.7619,,,,,,com.sec.android.app.shealth,84.71031,95.22763,37.277454,24394285,,,,48.938293,35.030357,d7df160f-76f9-42e0-ac2a-550b53afff65,68.625244,2025-02-11 00:00:00.000,0,,,
180003,55.862114,62920010,74.906,,,78.87442,,,196.0,3709096,96.42432,1739345460000,,,65.679054,62.222263,-1,389267,62920010,1.2993665,2025-02-12 15:43:55.138,2025-02-12 15:43:55.138,84.84366,1,3.6452382,,,135.59872,-1,91.41288,0.2802303,,,22.833334,78.87442,69.52493,98.732285,0.6125481,84.16667,38.73774,80.40621,J+ZRiIffUm,100.0,84.75,,,,,,com.sec.android.app.shealth,83.56646,96.42432,41.05563,25110000,,,,49.432205,35.353386,72583481-2dcc-40d6-af7d-e40f2a640a34,69.13585,2025-02-12 00:00:00.000,0,,,
180003,46.980495,62920010,64.9929,,,68.354324,,,196.0,2559176,80.664215,1739427180000,,,66.31229,62.822163,-1,9000,62920010,1.1947293,2025-02-13 22:25:49.380,2025-02-13 14:34:30.614,77.393456,1,3.4857144,,,126.888885,-1,90.68729,0.041564792,,,23.4,68.354324,73.09375,91.83673,0.6643069,89.0,37.365223,76.47241,J+ZRiIffUm,94.153946,87.05356,,,,,,com.sec.android.app.shealth,84.22044,80.664215,32.817932,25692857,,,,47.56624,34.131542,64ec457f-af70-44c0-89e6-e0189cd98907,69.80241,2025-02-13 00:00:00.000,0,,,
180003,49.82475,62920010,70.08124,,,76.01219,,,196.0,3149423,94.70631,1739516400000,,,66.87445,63.35474,-1,0,62920010,1.3723944,2025-02-14 15:34:46.859,2025-02-14 15:34:46.859,82.83616,1,3.3285716,,,-1.0,-1,89.23008,0.33453888,,,21.783333,76.01219,71.79775,-1.0,0.76825464,78.916664,38.0735,76.37931,J+ZRiIffUm,100.0,89.41071,,,,,,com.sec.android.app.shealth,83.11003,94.70631,41.47735,26258571,,,,48.5286,34.7622,d9ad8f65-7a68-423a-92f8-547ba3317092,70.39416,2025-02-14 00:00:00.000,0,,,
180003,97.08765,62920010,82.33628,,,58.141052,,,196.0,9403487,73.21527,1739604720000,,,68.20606,64.616264,-1,488394,62920010,1.3391234,2025-02-15 16:25:10.468,2025-02-15 16:25:10.468,79.70357,1,3.05,,,129.95912,-1,93.46271,0.111310594,,,22.25,58.141052,77.960976,94.267426,0.4663264,81.25,35.620636,81.43166,J+ZRiIffUm,100.0,97.19643,,,,,,com.sec.android.app.shealth,83.31798,73.21527,29.478197,28127142,,,,45.20105,32.576855,bcb0ffa3-4fa4-4aea-8b7c-af17c222b0c3,71.79585,2025-02-15 00:00:00.000,0,,,
180003,49.15865,62920010,68.91273,,,81.669586,,,196.0,3013877,98.92549,1739687280000,,,68.29755,64.70294,-1,0,62920010,1.355906,2025-02-16 15:01:49.669,2025-02-16 15:01:49.669,85.39844,1,2.8095238,,,-1.0,-1,94.76234,0.48221344,,,22.033333,81.669586,71.29201,-1.0,0.37361988,80.166664,36.109604,76.37931,J+ZRiIffUm,100.0,98.64285,,,,,,com.sec.android.app.shealth,83.21309,98.92549,36.733418,28474285,,,,45.86319,33.012783,e4450c19-1985-4929-a646-8688957dbc03,71.89216,2025-02-16 00:00:00.000,0,,,
180003,71.564545,62920010,86.5867,,,87.05497,,,196.0,5644057,95.69675,1739771850000,,,68.41255,64.81189,-1,654880,62920010,0.9282219,2025-02-17 14:14:01.696,2025-02-17 14:14:01.696,88.266716,1,2.6714287,,,129.37788,-1,95.77272,0.63819695,,,22.933332,87.05497,69.7196,93.80726,0.30154562,84.666664,36.059753,83.15393,J+ZRiIffUm,92.91829,97.51785,,,,,,com.sec.android.app.shealth,86.98754,95.69675,35.14436,29395714,,,,45.795666,32.96835,e71aaefe-b6f8-4591-9f77-ce912cb0b93b,72.013214,2025-02-17 00:00:00.000,0,,,
180003,66.232285,62920010,88.834114,,,97.55888,,,196.0,5904757,92.297554,1739860050000,,,67.67556,64.113686,-1,31000,62920010,0.9202635,2025-02-18 14:54:23.166,2025-02-18 14:54:23.166,91.93289,1,2.6357143,,,126.06453,-1,95.78064,0.64962727,,,22.633333,97.55888,65.27302,91.18409,0.30098107,83.166664,36.604935,76.700005,J+ZRiIffUm,95.286255,97.25,,,,,,com.sec.android.app.shealth,87.099106,92.297554,41.4061,29460000,,,,46.53457,33.454243,7d972e64-02ec-4b3c-bfd5-8e462bc847d5,71.237434,2025-02-18 00:00:00.000,0,,,
180003,57.27231,62920010,79.83487,,,74.55544,,,196.0,4561267,88.09089,1739942910000,,,66.80037,63.284557,-1,74001,62920010,0.932513,2025-02-19 13:39:11.596,2025-02-19 13:39:11.596,80.66379,1,2.4380953,,,129.37843,-1,95.244865,0.5039548,,,22.1,74.55544,63.07616,93.80769,0.3392,80.5,37.074543,77.14484,J+ZRiIffUm,91.953735,99.94643,,,,,,com.sec.android.app.shealth,86.92739,88.09089,44.88755,28787142,,,,47.17163,33.87263,96a76595-f208-4cc2-a151-f079df28bca8,70.31618,2025-02-19 00:00:00.000,0,,,
180003,45.39189,62920010,62.304943,,,86.20465,,,196.0,2247373,95.12207,1740033030000,,,66.04122,62.565365,-1,0,62920010,0.7998937,2025-02-20 14:37:25.228,2025-02-20 14:37:25.228,84.82062,1,2.3904762,,,-1.0,-1,95.6975,0.6680455,,,22.45,86.20465,67.5,-1.0,0.30691192,82.25,38.33763,76.37931,J+ZRiIffUm,95.50206,97.39287,,,,,,com.sec.android.app.shealth,88.786545,95.12207,41.491356,29425714,,,,48.887783,34.997307,adc1c427-ab35-4935-b556-0d0b3012de67,69.517075,2025-02-20 00:00:00.000,0,,,
180003,64.13153,62920010,82.196365,,,80.80463,,,196.0,4972167,95.91766,1740120780000,,,65.6361,62.181572,-1,504774,62920010,0.7372961,2025-02-21 17:00:38.308,2025-02-21 17:00:38.308,87.01369,1,2.402381,,,130.1524,-1,95.681984,0.53207546,,,22.05,80.80463,68.812675,94.42044,0.30801815,80.25,37.68256,81.60111,J+ZRiIffUm,100.0,98.21429,,,,,,com.sec.android.app.shealth,89.66408,95.91766,36.763477,29228571,,,,47.997265,34.414135,7897ea36-5e1a-4c30-822a-b458f1582278,69.09064,2025-02-21 00:00:00.000,0,,,
180003,58.030865,62920010,79.638145,,,83.073135,,,196.0,4527038,97.9242,1740207150000,,,64.06756,60.695583,-1,191000,62920010,0.56362975,2025-02-22 15:05:15.271,2025-02-22 15:05:15.271,87.64108,1,2.4047618,,,131.91101,-1,95.629425,0.30283913,,,22.95,83.073135,66.40328,95.81272,0.3117682,84.75,39.479187,78.35517,J+ZRiIffUm,99.7347,98.875,,,,,,com.sec.android.app.shealth,92.09865,97.9242,40.84094,28530000,,,,50.442066,36.01298,701fd873-4dfc-4d40-b08c-e8c5bdcecdde,67.43954,2025-02-22 00:00:00.000,0,,,
180003,55.89691,62920010,78.72087,,,77.153885,,,196.0,4367432,95.31923,1740292050000,,,63.608448,60.26063,-1,14097,62920010,0.5294206,2025-02-23 14:37:48.781,2025-02-23 14:37:48.781,83.567215,1,2.4595237,,,126.42555,-1,95.60603,0.72131145,,,22.833334,77.153885,67.90909,91.46991,0.3134366,84.16667,39.765488,76.52514,J+ZRiIffUm,97.8359,97.14285,,,,,,com.sec.android.app.shealth,92.57822,95.31923,38.639202,28114285,,,,50.832344,36.26759,54cf898c-f738-47fe-84ed-6ec50615f1f5,66.95626,2025-02-23 00:00:00.000,0,,,
180003,99.94276,62930070,98.90352,,,88.599304,,,196.0,7327193,97.12307,1740376830000,,,62.78378,59.479366,-1,1657870,62930070,0.4217277,2025-02-24 14:21:53.319,2025-02-24 14:21:53.319,94.37198,1,2.3999999,,,138.79936,-1,95.09108,0.4723093,,,22.033333,88.599304,63.643078,98.733795,0.35016987,80.166664,40.91505,97.79454,J+ZRiIffUm,97.373146,99.178566,,,,,,com.sec.android.app.shealth,94.08794,97.12307,42.903557,28602857,,,,52.401302,37.289463,33fd657c-2069-491d-966a-1fe5fb51050c,66.08819,2025-02-24 00:00:00.000,0,,,
180003,48.477196,62930070,67.7173,,,82.12482,,,196.0,2875207,89.09044,1740465810000,,,62.801643,59.496292,-1,0,62930070,0.7584501,2025-02-25 15:01:46.647,2025-02-25 15:01:46.647,80.40108,1,2.5571427,,,-1.0,-1,92.160965,0.59810555,,,0.56666666,82.12482,65.40467,-1.0,0.5591842,99.333336,42.08666,76.37931,J+ZRiIffUm,84.2924,95.60714,,,,,,com.sec.android.app.shealth,89.36752,89.09044,50.453846,27745714,,,,54.003365,38.33018,4c209e17-e1fc-40c6-a605-edf0fec2fdf1,66.106995,2025-02-25 00:00:00.000,0,,,
180003,59.998413,62930070,82.605385,,,81.0441,,,196.0,5043336,95.34864,1740549420000,,,63.226517,59.898804,-1,131093,62930070,0.7600628,2025-02-26 14:37:20.628,2025-02-26 14:37:20.628,83.70177,1,2.6261902,,,128.28522,-1,93.21239,0.48979592,,,22.6,81.0441,66.20679,92.9422,0.48418298,83.0,42.121292,77.73544,J+ZRiIffUm,90.395096,95.55357,,,,,,com.sec.android.app.shealth,89.34491,95.34864,45.507656,27732857,,,,54.050766,38.360935,7ae88bc3-1d5c-4603-b8b5-c25d4fd20fcf,66.55423,2025-02-26 00:00:00.000,0,,,
180003,52.27934,62930070,68.98361,,,68.29825,,,196.0,3022099,70.00131,1740637920000,,,63.57839,60.23216,-1,365904,62930070,0.8184313,2025-02-27 14:58:39.451,2025-02-27 14:58:39.451,74.76025,1,2.7285712,,,135.49577,-1,92.78807,0.5087282,,,23.85,68.29825,70.09278,98.650764,0.5144511,93.50001,40.73248,80.16452,J+ZRiIffUm,86.56626,92.60714,,,,,,com.sec.android.app.shealth,88.52667,70.00131,32.811886,27025714,,,,52.151917,37.127216,7993c16a-1cf7-4d87-ad09-8d8321213ba6,66.92462,2025-02-27 00:00:00.000,0,,,
180003,56.994415,62930070,77.67764,,,55.926636,,,196.0,4185909,83.34506,1740717480000,,,64.3391,60.952835,-1,298641,62930070,0.70698655,2025-02-28 13:05:21.193,2025-02-28 13:05:21.193,69.72455,1,2.5880952,,,129.64764,-1,90.52681,0.469496,,,22.35,55.926636,74.41791,94.02083,0.6757543,81.75,40.69539,79.468704,J+ZRiIffUm,80.89328,87.14285,,,,,,com.sec.android.app.shealth,90.088974,83.34506,36.5298,25714285,,,,52.101273,37.09425,e4272e61-9754-4947-b3a7-910f36cbb750,67.72537,2025-02-28 00:00:00.000,0,,,
180003,33.95179,62930070,48.830166,,,55.24897,,,196.0,14692967,74.92882,1740812070000,,,65.70442,62.246296,-1,3392861,62930070,0.76676273,2025-03-01 16:06:46.497,2025-03-01 16:06:46.497,67.793724,1,2.5690475,,,138.12703,-1,90.62802,0.83148336,,,22.65,55.24897,76.463554,99.26607,0.66853476,83.25,39.441696,78.522125,J+ZRiIffUm,91.93125,87.85715,,,,,,com.sec.android.app.shealth,89.25099,74.92882,32.807148,25885714,,,,50.39097,35.97963,00b16dd7-ed74-419a-acdd-dcd06c624e79,69.16255,2025-03-01 00:00:00.000,0,,,
180003,35.954582,62930070,87.69531,,,88.62329,,,196.0,8627343,91.15665,1740898800000,,,65.49813,62.05086,-1,3720160,62930070,0.8391936,2025-03-02 15:07:44.214,2025-03-02 15:07:44.214,84.6983,1,2.6047618,,,164.75162,-1,90.5005,0.23732251,,,22.783333,88.62329,66.38907,80.45833,0.6776309,83.916664,39.221935,75.13628,J+ZRiIffUm,99.116974,89.125,,,,,,com.sec.android.app.shealth,88.235596,91.15665,37.157127,26190000,,,,50.091545,35.78416,7ff0516a-5f24-4d7d-90dc-ded544c8ec7e,68.945404,2025-03-02 00:00:00.000,0,,,
180003,95.243996,62930070,94.405426,,,80.94513,,,196.0,7848971,94.05026,1740983460000,,,66.28546,62.796753,-1,1295782,62930070,1.0566292,2025-03-03 14:54:02.496,2025-03-03 14:54:02.496,82.98073,1,2.8785713,,,132.76695,-1,89.259796,0.49190938,,,1.3666667,80.94513,69.44444,96.49037,0.7661341,91.33333,38.407536,92.17593,J+ZRiIffUm,79.121025,83.71429,,,,,,com.sec.android.app.shealth,85.18744,94.05026,37.0429,24737142,,,,48.982883,35.059525,aaa7d2d1-ddd0-4d74-83a9-4675ee01f458,69.77417,2025-03-03 00:00:00.000,0,,,
180003,48.905087,62930070,68.467926,,,89.97429,,,196.0,2962279,94.73361,1741071960000,,,66.51633,63.01547,-1,0,62930070,1.0274974,2025-03-04 15:06:22.123,2025-03-04 15:06:22.123,84.4906,1,2.8428571,,,-1.0,-1,89.69171,0.43721974,,,23.666666,89.97429,67.105804,-1.0,0.73532504,91.666664,37.27146,76.37931,J+ZRiIffUm,88.71974,85.80357,,,,,,com.sec.android.app.shealth,85.59584,94.73361,40.565445,25392857,,,,47.438942,34.04804,7db05d88-f586-4d82-ae4b-37c088fe7706,70.01719,2025-03-04 00:00:00.000,0,,,
180003,49.994106,62930070,70.37833,,,95.64589,,,196.0,3183885,93.34206,1741156020000,,,66.334984,62.84367,-1,0,62930070,1.1521436,2025-03-05 14:48:57.000,2025-03-05 14:48:57.000,90.3278,1,2.8309524,,,-1.0,-1,89.55376,0.45117188,,,21.916666,95.64589,64.87055,-1.0,0.74516577,79.58333,36.697926,76.37931,J+ZRiIffUm,99.50893,88.33928,,,,,,com.sec.android.app.shealth,84.4866,93.34206,40.82636,26001428,,,,46.660675,33.5371,8c3fee65-4b4b-4c7c-83bf-779cf7b9a22f,69.8263,2025-03-05 00:00:00.000,0,,,
180003,81.374626,62930070,97.670044,,,75.91174,,,196.0,6929725,88.45909,1741246950000,,,66.52333,63.022102,-1,782514,62930070,1.7667958,2025-03-06 16:16:36.901,2025-03-06 16:16:36.901,85.4267,1,2.6761906,,,130.46059,-1,89.23287,0.6284438,,,20.516666,75.91174,71.45595,94.66443,0.76805544,67.75,36.90321,84.47429,J+ZRiIffUm,100.0,98.0,,,,,,com.sec.android.app.shealth,80.64503,88.45909,34.4288,28320000,,,,46.939144,33.72,64c7a2fa-abb2-409d-b67d-f5cef5347051,70.02456,2025-03-06 00:00:00.000,0,,,
180003,71.256775,62930070,83.77067,,,88.25692,,,196.0,5246096,94.486855,1741329150000,,,65.43666,61.992626,-1,744028,62930070,2.051465,2025-03-07 14:44:10.786,2025-03-07 14:44:10.786,81.97629,1,3.0666666,,,135.63098,-1,89.38669,0.31351352,,,1.9166667,88.25692,66.41089,98.75781,0.7570828,85.833336,37.517094,84.07616,J+ZRiIffUm,75.80739,94.44643,,,,,,com.sec.android.app.shealth,78.865845,94.486855,41.00175,27467142,,,,47.772484,34.266796,c1525a69-8413-4864-b9b6-dfd6c32c267c,68.8807,2025-03-07 00:00:00.000,0,,,
180003,57.55629,62930070,80.78151,,,82.8797,,,196.0,9674017,92.41657,1741417440000,,,64.08227,60.709515,-1,2158844,62930070,2.0541182,2025-03-08 15:27:26.090,2025-03-08 15:17:07.240,81.0498,1,3.1785715,,,160.78107,-1,89.31294,0.27722773,,,0.05,82.8797,66.483765,82.553986,0.76234347,89.5,39.164,94.43174,J+ZRiIffUm,81.23518,91.17856,,,,,,com.sec.android.app.shealth,78.84926,92.41657,44.317375,26682857,,,,50.012615,35.732624,744fc3b4-e1ca-4951-8959-e87083a7d946,67.45502,2025-03-08 00:00:00.000,0,,,
180003,83.15732,62930070,95.74941,,,77.98076,,,196.0,7693068,97.364746,1741497480000,,,64.35934,60.972004,-1,501161,62930070,2.1620734,2025-03-09 12:28:20.309,2025-03-09 12:28:20.309,76.76257,1,3.1571429,,,128.76086,-1,89.172195,0.9805195,,,0.16666667,77.98076,68.43066,93.31877,0.77238315,88.33333,39.793987,81.563736,J+ZRiIffUm,62.942917,84.71429,,,,,,com.sec.android.app.shealth,78.174545,97.364746,41.548447,25097142,,,,50.8712,36.292934,7753e23c-efb2-464b-9c8d-12268be10391,67.74667,2025-03-09 00:00:00.000,0,,,
